JobNumber,TotalLevel,Period,actual_total
1,2,1,8999.2800
1,2,2,8425.0000
1,2,3,8500.0000
1,2,4,8500.0000
1,2,5,-36591.7000
1,2,7,300.0000
1,3,1,11866.7700
1,3,5,0.0000
1,3,10,0.0000
1,4,1,2759.0400
1000,3,1,-8458.9200
1000,3,2,25.4300
1000,3,3,-730.2700
1000,7,6,55.0000
1000,7,9,214.8400
1003,1,1,-28669.2700
1003,1,2,-28669.2700
1003,1,3,-28669.2700
1003,1,4,-28669.2700
1003,1,5,-28669.2700
1003,1,6,-28669.2700
1003,1,7,-28669.2700
1003,1,8,-28669.2700
1003,1,9,-28669.2700
1003,1,10,-28669.2700
1003,1,11,-28669.2700
1003,2,1,24087.2600
1003,2,2,24025.7400
1003,2,3,23909.5600
1003,2,4,24521.1400
1003,2,5,21547.6500
1003,2,6,19438.2500
1003,2,7,22051.4500
1003,2,8,18206.0000
1003,2,9,19316.8900
1003,2,10,15144.0900
1003,2,11,8763.0800
1003,3,1,2541.8100
1003,3,2,2644.3700
1003,3,3,5280.4500
1003,3,4,3563.7400
1003,3,5,4116.3800
1003,3,6,3657.8600
1003,3,7,3490.3300
1003,3,8,3939.5200
1003,3,9,2535.8700
1003,3,10,2640.8200
1003,3,11,1405.4800
1003,4,4,70.6600
1003,4,8,245.0000
1003,4,10,208.5000
1003,5,3,567.5500
1003,5,4,1013.6800
1003,5,5,624.2500
1003,5,7,704.3300
1003,5,9,406.2500
1003,7,10,350.0000
1007,1,1,-1019.5400
1007,1,2,-1019.5400
1007,1,3,-1019.5400
1007,1,4,-631.1500
1007,2,1,565.6700
1007,2,2,593.2300
1007,2,3,641.6900
1007,2,4,344.8900
1007,2,5,8.5900
1007,2,6,189.6300
1007,3,1,256.2300
1007,3,3,229.5400
1007,3,4,222.2600
1008,1,1,-2181.6700
1008,1,2,-2181.6700
1008,1,3,-1738.2700
1008,1,4,-1268.2700
1008,1,5,-1738.2700
1008,1,6,-1738.2700
1008,1,7,-1738.2700
1008,1,8,-377.9000
1008,2,1,1141.2900
1008,2,2,701.5800
1008,2,3,855.0800
1008,2,4,790.6800
1008,2,5,815.2200
1008,2,6,817.7300
1008,2,7,519.0200
1008,2,8,249.1900
1008,3,1,82.6200
1008,3,2,77.7200
1008,3,3,49.2700
1008,3,4,49.2700
1008,3,5,91.0400
1009,1,1,-1244.4900
1009,1,2,-1244.4900
1009,1,3,-1244.4900
1009,1,4,-1244.4900
1009,1,5,-1244.4900
1009,1,6,-1244.4900
1009,1,7,-1244.4900
1009,1,8,-270.5000
1009,2,1,254.0100
1009,2,2,451.3200
1009,2,3,472.2500
1009,2,4,350.6300
1009,2,5,407.6400
1009,2,6,408.8600
1009,2,7,248.1400
1009,2,8,104.4300
1009,3,1,19.8000
1009,3,3,12.6000
1009,3,4,35.1400
1009,3,5,19.2000
1009,4,4,20.5600
1010,1,2,-2615.7500
1010,1,8,-522.0000
1010,1,9,-667.0000
1010,1,10,-667.0000
1010,1,11,-667.0000
1010,2,1,549.8900
1010,2,2,288.9000
1010,2,3,1563.8200
1010,2,4,1275.4200
1010,2,5,1223.5500
1010,2,6,1274.0300
1010,2,7,1438.7500
1010,2,8,348.0900
1010,3,1,39.7000
1010,3,2,20.6500
1010,3,3,37.1800
1010,3,4,33.8000
1010,3,5,19.2000
1011,1,1,-2751.9600
1011,1,2,-2751.9600
1011,1,3,-2751.9600
1011,1,4,-2751.9600
1011,1,5,-2751.9600
1011,1,6,-2751.9600
1011,1,7,-2751.9600
1011,1,8,-598.2500
1011,2,1,722.4700
1011,2,2,1599.0500
1011,2,3,101.5800
1011,2,4,350.6000
1011,2,5,407.5500
1011,2,6,408.8500
1011,2,7,254.6600
1011,2,8,116.0400
1011,3,1,111.7700
1011,3,2,111.0800
1011,3,3,112.3000
1011,3,4,93.8400
1011,3,5,110.0000
1011,4,4,20.5600
1012,1,1,-2023.8600
1012,1,2,-2023.8600
1012,1,3,-2023.8600
1012,1,4,-2023.8600
1012,1,5,-2023.8600
1012,1,6,-2023.8600
1012,1,7,-2023.8600
1012,1,8,-2023.8600
1012,1,9,-2023.8600
1012,1,10,-2023.8600
1012,1,11,-2023.8600
1012,2,1,1398.5500
1012,2,2,1360.2900
1012,2,3,1394.1400
1012,2,4,1289.1400
1012,2,5,1329.9600
1012,2,6,1445.9200
1012,2,7,1130.3000
1012,2,8,1369.9300
1012,2,9,1317.3500
1012,2,10,1070.0300
1012,2,11,532.0500
1012,3,1,104.5300
1012,3,4,55.7400
1012,3,5,154.5800
1012,3,6,93.1400
1012,3,7,93.1400
1012,7,8,36.5100
1025,1,1,-3028.7900
1025,1,2,-2626.3300
1025,1,3,-2626.3300
1025,1,4,-2626.3300
1025,1,5,-2626.3300
1025,1,6,-2626.3300
1025,1,7,-2626.3300
1025,1,8,-2626.3300
1025,1,9,-2626.3300
1025,1,10,-2626.3300
1025,1,11,-2626.3300
1025,2,1,1102.5800
1025,2,2,1644.5400
1025,2,3,1807.0600
1025,2,4,1672.6800
1025,2,5,1838.0100
1025,2,6,1668.6800
1025,2,7,1852.5900
1025,2,8,1463.3500
1025,2,9,1695.3500
1025,2,10,1546.8000
1025,2,11,700.5200
1025,4,4,20.5600
1027,1,1,-1545.0000
1027,1,2,-1545.0000
1027,1,3,-1545.0000
1027,1,4,-1545.0000
1027,1,5,-1545.0000
1027,1,6,-1545.0000
1027,1,7,-1545.0000
1027,1,8,-1545.0000
1027,1,9,-134.3400
1027,2,1,382.3600
1027,2,2,408.4100
1027,2,3,446.0000
1027,2,4,350.8900
1027,2,5,494.8400
1027,2,6,428.4800
1027,2,7,443.5700
1027,2,8,441.6500
1027,2,9,62.0300
1027,3,1,316.8000
1027,3,2,303.5400
1027,3,3,278.9800
1027,4,4,20.5600
1032,1,1,-5015.2500
1032,1,2,-5015.2500
1032,1,3,-5015.2500
1032,1,4,-5015.2500
1032,1,5,-5015.2500
1032,1,6,-5015.2500
1032,1,7,-5075.2500
1032,1,8,-5015.2500
1032,1,9,-5015.2500
1032,1,10,-5015.2500
1032,1,11,-5015.2500
1032,2,1,2496.9100
1032,2,2,2550.4300
1032,2,3,2693.7100
1032,2,4,2498.7600
1032,2,5,2900.7200
1032,2,6,2545.1900
1032,2,7,2957.9100
1032,2,8,2219.6500
1032,2,9,2447.9800
1032,2,10,2251.9100
1032,2,11,1042.0700
1032,3,3,136.9600
1032,3,5,113.6500
1032,3,7,45.7500
1032,3,8,109.7600
1032,3,10,141.9200
1033,1,1,-8133.0000
1033,1,2,-8133.0000
1033,1,3,-8133.0000
1033,1,4,-8133.0000
1033,1,5,-8133.0000
1033,1,6,-8133.0000
1033,1,7,-8133.0000
1033,1,8,-8133.0000
1033,1,9,-8133.0000
1033,1,10,-8408.0000
1033,1,11,-8133.0000
1033,2,1,8518.6700
1033,2,2,7425.2400
1033,2,3,7702.4300
1033,2,4,7708.1200
1033,2,5,8559.3300
1033,2,6,7863.9000
1033,2,7,8697.2700
1033,2,8,6425.5700
1033,2,9,7966.9200
1033,2,10,7890.0500
1033,2,11,3514.2200
1033,3,1,333.8800
1033,3,2,114.3400
1033,3,3,617.8100
1033,3,5,329.7700
1033,3,6,189.0700
1033,3,7,83.5000
1033,3,8,197.5400
1033,3,10,196.5600
1033,4,3,50.1000
1033,4,4,120.7600
1033,4,10,47.5000
1033,5,10,164.9900
1034,1,1,-2969.4500
1034,1,2,-2679.0500
1034,1,3,-2098.2500
1034,1,4,-2969.4500
1034,1,5,-2098.2500
1034,1,6,-2098.2500
1034,1,7,-2098.2500
1034,1,8,-2098.2500
1034,1,9,-2098.2500
1034,1,10,-2098.2500
1034,1,11,-2098.2500
1034,2,1,1599.8900
1034,2,2,1533.1200
1034,2,3,1970.7100
1034,2,4,1770.2200
1034,2,5,2056.9100
1034,2,6,1691.1300
1034,2,7,1896.5700
1034,2,8,1436.7100
1034,2,9,1694.1700
1034,2,10,1617.1200
1034,2,11,761.0700
1034,3,3,132.9500
1034,3,5,110.6500
1034,3,6,42.9500
1034,3,7,45.7500
1034,3,8,131.6800
1034,3,10,98.3100
1034,4,4,120.7600
1035,1,1,-1631.8300
1035,1,2,-1631.8300
1035,1,3,-1631.8300
1035,1,4,-1631.8300
1035,1,5,-1631.8300
1035,1,6,-1631.8300
1035,1,7,-1631.8300
1035,1,8,-2201.8300
1035,1,9,-2201.8300
1035,1,10,-2201.8300
1035,1,11,-2201.8300
1035,2,1,937.7400
1035,2,2,1256.8600
1035,2,3,1277.6400
1035,2,4,1210.9600
1035,2,5,1570.1200
1035,2,6,1256.1700
1035,2,7,814.2200
1035,2,8,983.3400
1035,2,9,914.5300
1035,2,10,971.9500
1035,2,11,436.2900
1035,3,1,389.9800
1035,3,6,682.1800
1035,5,10,164.9900
1037,1,1,-1457.0000
1037,1,2,-1457.0000
1037,1,3,-1457.0000
1037,1,4,-1457.0000
1037,1,5,-1457.0000
1037,1,6,-1457.0000
1037,1,7,-1457.0000
1037,1,8,-1457.0000
1037,1,9,-1457.0000
1037,1,10,-1457.0000
1037,1,11,-1457.0000
1037,2,1,612.5800
1037,2,2,1294.0000
1037,2,3,678.9300
1037,2,4,670.2900
1037,2,5,462.9300
1037,2,6,530.2100
1037,2,7,601.9100
1037,2,8,510.6200
1037,2,9,554.4100
1037,2,10,490.1200
1037,2,11,233.8700
1037,5,10,164.9900
1038,1,1,-1200.0000
1038,1,3,-550.0000
1038,1,4,-820.3000
1038,1,7,-3245.0000
1038,2,6,89.2500
1038,2,7,83.4200
1040,2,2,857.3700
1040,2,3,1245.9600
1041,1,1,-1187.1100
1041,1,2,-1187.1100
1041,1,3,-2350.0000
1041,1,4,-1187.1100
1041,1,5,-1187.1100
1041,1,6,-1187.1100
1041,1,7,-1187.1100
1041,1,8,-1187.1100
1041,1,9,-1187.1100
1041,1,10,-1187.1100
1041,1,11,-1187.1100
1041,2,1,1214.7300
1041,2,2,987.3800
1041,2,3,699.4500
1041,2,4,748.8900
1041,2,5,815.7800
1041,2,6,967.0700
1041,2,7,998.6800
1041,2,8,1072.2900
1041,2,9,1272.4800
1041,2,10,1360.3300
1041,2,11,591.4300
1041,3,1,149.2700
1041,3,2,149.5000
1041,3,3,147.5100
1041,3,4,185.7100
1041,3,5,152.2300
1041,3,6,354.2900
1041,3,7,234.4500
1041,3,8,632.1500
1041,3,9,420.7900
1041,3,10,44.6000
1041,3,11,193.0200
1041,4,2,2.2000
1051,1,1,-6818.0000
1051,1,2,-4342.0000
1051,1,3,-5580.0000
1051,1,4,-5580.0000
1051,1,5,-5580.0000
1051,1,6,-5580.0000
1051,1,7,-5580.0000
1051,1,8,-5580.0000
1051,1,9,-5580.0000
1051,1,10,-5580.0000
1051,1,11,-4342.0000
1051,2,1,7057.3700
1051,2,2,4609.3000
1051,2,3,6651.7100
1051,2,4,4668.3200
1051,2,5,5918.5200
1051,2,6,4484.7900
1051,2,7,4805.0100
1051,2,8,4204.9700
1051,2,9,5261.9900
1051,2,10,4518.9700
1051,2,11,1701.0100
1051,3,2,276.0000
1051,3,3,44.5100
1051,3,4,441.4000
1051,3,5,534.6300
1051,3,6,226.0400
1051,3,7,243.6300
1051,3,8,21.6000
1051,3,9,238.1900
1051,3,10,317.5200
1051,3,11,311.1500
1051,4,2,762.0000
1051,4,3,100.2000
1051,4,4,20.5600
1051,4,10,47.5000
1052,1,1,-10900.0000
1052,1,2,-10900.0000
1052,1,3,-10900.0000
1053,1,1,-7191.6500
1053,1,2,-7191.6500
1053,1,3,-7191.6500
1053,1,4,-7191.6500
1053,1,5,-7191.6500
1053,1,6,-7191.6500
1053,1,7,-7191.6500
1053,1,8,-7191.6500
1053,1,9,-7191.6500
1053,1,10,-7191.6500
1053,1,11,-7191.6500
1053,2,1,4472.3200
1053,2,2,5016.3600
1053,2,3,5164.6800
1053,2,4,4958.0300
1053,2,5,5186.3200
1053,2,6,4994.4500
1053,2,7,5276.7400
1053,2,8,4220.5800
1053,2,9,5048.3700
1053,2,10,4367.5400
1053,2,11,2114.8200
1053,3,7,216.8700
1053,3,9,67.3200
1053,4,3,50.1000
1053,4,6,75.0000
1053,4,10,47.5000
1055,1,1,-1185.0000
1055,1,2,-1185.0000
1055,1,3,-1185.0000
1055,1,4,-1185.0000
1055,1,5,-1185.0000
1055,1,6,-1185.0000
1055,1,7,-1185.0000
1055,1,8,-1185.0000
1055,1,9,-1185.0000
1055,1,10,-1435.0000
1055,1,11,-1185.0000
1055,2,1,388.9300
1055,2,2,695.0500
1055,2,3,612.1600
1055,2,4,687.4800
1055,2,5,673.5600
1055,2,6,568.8000
1055,2,7,701.5700
1055,2,8,501.3300
1055,2,9,648.6100
1055,2,10,509.8300
1055,2,11,253.0600
1055,3,2,12.6000
1055,3,4,115.1400
1055,3,7,33.2000
1055,4,2,260.5000
1056,1,1,-1600.0000
1056,1,2,-1600.0000
1056,1,3,-1600.0000
1056,1,4,-1600.0000
1056,1,5,-1600.0000
1056,1,6,-1600.0000
1056,1,7,-1600.0000
1056,1,8,-1600.0000
1056,1,9,-1600.0000
1056,1,10,-1600.0000
1056,1,11,-1600.0000
1056,2,1,1037.6500
1056,2,2,1108.9400
1056,2,3,747.7300
1056,2,4,507.6100
1056,2,5,566.5900
1056,2,6,926.7100
1056,2,7,872.4400
1056,2,8,783.5800
1056,2,9,1326.8900
1056,2,10,692.4900
1056,2,11,397.6000
1056,3,2,263.7600
1056,3,4,36.9700
1056,3,7,33.2000
1056,3,8,9.0000
1056,3,9,231.0500
1056,3,10,20.6000
1057,1,1,5450.0000
1057,1,2,5450.0000
1057,1,3,5450.0000
1057,1,4,-5450.0000
1057,1,5,-5600.0000
1057,1,6,-6525.2500
1057,1,7,-5574.6300
1057,1,8,-6324.6000
1057,1,9,-5450.0000
1057,1,10,-5450.0000
1057,1,11,-5450.0000
1057,2,1,5340.7200
1057,2,2,5503.3600
1057,2,3,5780.2800
1057,2,4,5811.8300
1057,2,5,5389.2900
1057,2,6,5600.2600
1057,2,7,6414.3000
1057,2,8,4431.9800
1057,2,9,5654.2300
1057,2,10,5228.5700
1057,2,11,2454.5400
1057,3,1,419.1500
1057,3,2,40.6100
1057,3,3,468.5600
1057,3,4,492.5500
1057,3,6,212.2100
1057,3,7,155.6400
1057,3,8,292.3500
1057,3,9,412.3800
1057,3,10,496.2800
1057,3,11,56.0900
1057,4,4,209.5600
1057,4,8,35.0000
1057,4,9,35.0000
1057,4,10,108.5000
1058,1,1,-6981.0500
1058,1,2,-6981.0500
1058,1,3,-6981.0500
1058,1,4,-6981.0500
1058,1,5,-6981.0500
1058,1,6,-7487.0500
1058,1,7,-6981.0500
1058,1,8,-6981.0500
1058,1,9,-6981.0500
1058,1,10,-6981.0500
1058,1,11,-7463.9400
1058,2,1,5309.5200
1058,2,2,5855.9200
1058,2,3,6355.8400
1058,2,4,6177.5800
1058,2,5,6313.4200
1058,2,6,5973.7800
1058,2,7,6064.7800
1058,2,8,5327.8400
1058,2,9,6012.4800
1058,2,10,5861.2500
1058,2,11,2782.6800
1058,3,1,190.0100
1058,3,2,521.2300
1058,3,3,272.7100
1058,3,4,163.6000
1058,3,5,279.8000
1058,3,7,215.3300
1058,3,9,411.5600
1058,3,10,82.2800
1059,7,6,5.0000
1060,1,1,-1945.6500
1060,1,2,-1945.6500
1060,1,3,-1945.6500
1060,1,4,-1945.6500
1060,1,5,-1945.6500
1060,1,6,-1945.6500
1060,1,7,-1945.6500
1060,1,8,-1945.6500
1060,1,9,-1945.6500
1060,1,10,-1945.6500
1060,1,11,-1945.6500
1060,2,1,1155.8500
1060,2,2,3355.7500
1060,2,3,2136.9300
1060,2,4,1576.8600
1060,2,5,1664.9700
1060,2,6,2117.8300
1060,2,7,1843.7300
1060,2,8,2175.6700
1060,2,9,2201.8500
1060,2,10,1631.6000
1060,2,11,944.2800
1060,3,2,127.0000
1060,3,3,536.9700
1060,3,5,255.6300
1060,3,9,84.1000
1060,3,10,87.2100
1060,4,8,35.0000
1061,1,1,-2432.0400
1061,1,2,-3620.5200
1061,1,3,-2729.1600
1061,1,4,-2729.1600
1061,1,5,-2729.1600
1061,1,6,-2729.1600
1061,1,7,-2729.1600
1061,1,8,-2729.1600
1061,1,9,-2729.1600
1061,1,10,-2729.1600
1061,1,11,-2729.1600
1061,2,1,2955.4100
1061,2,2,3365.4300
1061,2,3,4336.6900
1061,2,4,2653.2600
1061,2,5,3385.5600
1061,2,6,2380.4100
1061,2,7,2280.2000
1061,2,8,2288.0800
1061,2,9,3496.6300
1061,2,10,2253.7000
1061,2,11,1123.1800
1061,3,3,277.7800
1061,3,5,140.4900
1061,3,9,724.6000
1061,3,10,188.1600
1061,4,4,20.5600
1062,3,3,348.9600
1062,3,5,53.5500
1063,3,5,30.0400
1063,4,6,37.5000
1065,1,1,-1300.0000
1065,1,2,-1336.4600
1065,1,3,-1300.0000
1065,1,4,-1300.0000
1065,1,5,-1300.0000
1065,1,6,-1300.0000
1065,1,7,-1300.0000
1065,1,8,-1300.0000
1065,1,9,-1300.0000
1065,1,10,-1300.0000
1065,1,11,-1300.0000
1065,2,1,618.9100
1065,2,2,594.5500
1065,2,3,603.4700
1065,2,4,686.1900
1065,2,5,757.0900
1065,2,6,636.2200
1065,2,7,776.9800
1065,2,8,685.3800
1065,2,9,754.6000
1065,2,10,739.1700
1065,2,11,332.0400
1065,3,7,33.2000
1065,3,8,6.3000
1065,3,9,301.8400
1066,1,1,-13127.0000
1066,1,2,-13127.0000
1066,1,3,-13127.0000
1066,1,4,-13127.0000
1066,1,5,-12243.7400
1066,1,6,-11998.4600
1066,1,7,-11998.4600
1066,1,8,-11998.4600
1066,1,9,-11998.4600
1066,1,10,-12027.4600
1066,1,11,-11998.4600
1066,2,1,12002.6100
1066,2,2,12524.2300
1066,2,3,15559.0400
1066,2,4,15201.1000
1066,2,5,16536.6100
1066,2,6,16065.6300
1066,2,7,17988.5800
1066,2,8,12820.7400
1066,2,9,13834.9700
1066,2,10,12944.0200
1066,2,11,5839.9700
1066,3,1,345.3900
1066,3,2,1905.2100
1066,3,3,375.6200
1066,3,4,1049.3500
1066,3,5,677.4000
1066,3,6,508.3400
1066,3,7,607.9200
1066,3,8,589.6200
1066,3,9,1117.5500
1066,3,10,286.1200
1066,3,11,477.7300
1066,4,4,70.6600
1066,4,8,70.0000
1066,4,10,47.5000
1067,1,1,-623.9500
1067,1,2,-623.9500
1067,1,3,-623.9500
1067,1,4,-623.9500
1067,1,5,-623.9500
1067,1,6,-623.9500
1067,1,7,-623.9500
1067,1,8,-623.9500
1067,2,1,390.9600
1067,2,2,492.3500
1067,2,3,320.6800
1067,2,4,296.5200
1067,2,5,299.8800
1067,2,6,320.2800
1067,2,7,258.9900
1067,2,8,297.0000
1067,2,9,7.5900
1068,1,1,-1138.0000
1068,1,2,-1138.0000
1068,1,3,-1138.0000
1068,1,4,-1138.0000
1068,1,5,-1138.0000
1068,1,6,-1138.0000
1068,1,7,-1138.0000
1068,1,8,-1138.0000
1068,1,9,-1138.0000
1068,1,10,-1138.0000
1068,1,11,-1138.0000
1068,2,1,453.8500
1068,2,2,494.3400
1068,2,3,397.3400
1068,2,4,617.2200
1068,2,5,650.6000
1068,2,6,588.8600
1068,2,7,585.6600
1068,2,8,535.6200
1068,2,9,543.6500
1068,2,10,453.0600
1068,2,11,281.2900
1068,3,4,56.1100
1068,3,7,33.2000
1068,3,8,24.3000
1068,3,10,534.0700
1069,1,1,-1667.4700
1069,1,2,-1667.4700
1069,1,3,-1667.4700
1069,1,4,-1667.4700
1069,1,5,-1667.4700
1069,1,6,-2099.4700
1069,1,7,-1667.5000
1069,1,8,-1667.4700
1069,1,9,-1667.4700
1069,1,10,-2054.5700
1069,1,11,-1992.4700
1069,2,4,330.0000
1069,2,5,48.4800
1069,2,6,1079.9500
1069,2,7,854.2600
1069,2,8,1003.7600
1069,2,9,916.3200
1069,2,10,954.2900
1069,2,11,427.3400
1069,3,3,-41.7500
1069,3,9,141.7300
1070,1,1,-634.2700
1070,1,2,-634.2700
1070,1,3,-634.2700
1070,1,4,-634.2700
1070,1,5,-634.2700
1070,1,6,-634.2700
1070,1,7,-634.2700
1070,1,8,-634.2700
1070,1,9,-634.2700
1070,1,10,-634.2700
1070,1,11,-634.2700
1070,2,1,461.5300
1070,2,2,541.7300
1070,2,3,658.3100
1070,2,4,465.1600
1070,2,5,475.2100
1070,2,6,683.7800
1070,2,7,577.4400
1070,2,8,433.8100
1070,2,9,440.2700
1070,2,10,480.7100
1070,2,11,178.0100
1070,3,7,33.2000
1070,3,8,15.3000
1071,1,1,-1892.5000
1071,1,2,-1892.5000
1071,1,3,-1892.5000
1071,1,4,-1892.5000
1071,1,5,-1892.5000
1071,1,6,-1892.5000
1071,1,7,-1892.5000
1071,1,8,-1892.5000
1071,1,9,-1892.5000
1071,1,10,-1892.5000
1071,1,11,-1892.5000
1071,2,1,1071.4600
1071,2,2,1446.9100
1071,2,3,1304.1400
1071,2,4,1011.3500
1071,2,5,1366.6500
1071,2,6,1070.8600
1071,2,7,907.9600
1071,2,8,1160.4600
1071,2,9,1218.1600
1071,2,10,1467.1300
1071,2,11,602.1100
1071,3,5,164.7500
1071,3,7,62.5600
1071,3,9,123.9800
1071,4,8,35.0000
1071,4,10,47.5000
1072,1,2,-180.0000
1072,1,4,-1609.8400
1072,1,5,-402.4600
1072,1,6,-402.4600
1072,1,7,-402.4600
1072,1,8,-402.4600
1072,1,9,-402.4600
1072,1,10,-402.4600
1072,1,11,-402.4600
1072,2,1,631.1800
1072,2,2,737.9700
1072,2,3,560.9900
1072,2,4,673.3900
1072,2,5,730.1000
1072,2,6,1049.8400
1072,2,7,997.2800
1072,2,8,873.7500
1072,2,9,810.9100
1072,2,10,1122.0600
1072,2,11,555.1600
1072,3,5,164.7100
1072,3,7,62.5500
1072,3,9,123.9700
1072,4,10,113.5000
1073,1,1,-301.5000
1073,1,2,-301.5000
1073,1,3,-301.5000
1073,1,4,-301.5000
1073,1,5,-301.5000
1073,1,6,-301.5000
1073,1,7,-301.5000
1073,1,8,-301.5000
1073,1,9,-301.5000
1073,1,10,-301.5000
1073,1,11,-301.5000
1073,2,1,65.4700
1073,2,2,55.3500
1073,2,3,168.8600
1073,2,4,151.6800
1073,2,5,136.5800
1073,2,6,76.7700
1073,2,7,93.5000
1073,2,8,62.9300
1073,2,9,83.8000
1073,2,10,85.9200
1073,2,11,26.8300
1074,1,1,-746.0800
1074,1,2,-746.0800
1074,1,3,-746.0800
1074,1,4,-746.0800
1074,1,5,-746.0800
1074,1,6,-746.0800
1074,1,7,-746.0800
1074,1,8,-746.0800
1074,1,9,-746.0800
1074,1,10,-746.0800
1074,1,11,-746.0800
1074,2,1,218.2300
1074,2,2,77.1900
1074,2,3,345.9800
1074,2,4,395.3400
1074,2,5,338.2200
1074,2,6,392.9400
1074,2,7,413.4300
1074,2,8,347.9600
1074,2,9,366.8000
1074,2,10,332.6100
1074,2,11,157.2900
1074,3,2,447.6000
1074,4,4,20.5600
1075,1,3,-400.0000
1075,1,4,-400.0000
1075,1,5,-400.0000
1075,1,6,-400.0000
1075,1,7,-400.0000
1075,1,8,-400.0000
1075,1,9,-400.0000
1075,1,10,-400.0000
1075,1,11,-400.0000
1075,2,5,197.6500
1075,2,6,307.2300
1075,2,7,281.7800
1075,2,8,342.2500
1075,2,9,253.2100
1075,2,10,313.3300
1075,2,11,126.7200
1076,1,2,-950.0000
1076,1,3,-950.0000
1076,1,4,-950.0000
1076,1,5,-950.0000
1076,1,6,-950.0000
1076,1,7,-950.0000
1076,1,8,-950.0000
1076,1,9,-950.0000
1076,1,10,-950.0000
1076,2,8,96.0000
1076,2,9,287.1900
1076,2,10,292.0000
1077,1,6,-1073.0000
1077,1,7,-785.0000
1077,1,8,-785.0000
1077,1,9,-785.0000
1077,1,10,-785.0000
1077,1,11,-785.0000
1077,2,6,662.5000
1077,2,7,828.3600
1077,2,8,983.3400
1077,2,9,920.3700
1077,2,10,890.0300
1077,2,11,422.4100
1078,1,10,-3870.3900
1078,1,11,-2169.0000
1078,2,10,1579.0500
1078,2,11,1117.5300
15014,2,2,1391.7700
15014,2,5,297.7100
2001,1,1,-3380.0000
2001,1,3,-975.0000
2001,2,1,436.5100
2001,2,2,79.6400
2001,2,4,650.0000
2001,3,1,126.0600
2001,3,3,520.5100
2002,2,2,1413.2900
2002,2,3,182.3600
2002,3,1,229.9100
2002,3,2,28.9000
2002,3,3,90.7900
2002,6,3,183.6000
2003,2,1,406.2200
2003,2,2,56.0400
2003,2,3,9.9600
2003,3,1,2134.5100
2003,3,2,1433.4800
2003,3,3,-778.3500
2003,4,4,124.0000
2003,6,8,53.4600
2003,6,9,27.5400
2003,6,10,86.8000
2003,7,4,83.8800
2003,7,5,68.2500
2003,7,9,47.3700
2004,3,1,726.7800
2004,3,2,1698.7300
2004,3,3,1038.6100
2005,1,1,-3780.0000
2005,1,2,-914.6200
2013,1,3,-15777.9600
2013,1,4,-13535.6400
2013,2,3,16743.7300
2013,2,4,6295.2300
2013,2,6,226.3400
2013,2,7,64.6900
2013,2,8,114.9800
2013,3,4,673.8300
2013,4,4,57.0000
2013,6,5,50.2000
2013,6,7,574.0000
2016,1,5,-981.8100
2016,2,5,303.8600
3000,1,2,-1926.6000
3000,1,3,-3720.1800
3000,1,4,-1333.0600
3000,1,5,-5452.6400
3000,1,6,-5545.0100
3000,1,7,-2169.1000
3000,1,8,-1645.7800
3000,1,9,-1885.9500
3000,2,1,50685.3800
3000,2,2,55366.2200
3000,2,3,59394.8800
3000,2,4,58328.5300
3000,2,5,66625.5700
3000,2,6,59150.9600
3000,2,7,64759.5800
3000,2,8,49796.1600
3000,2,9,62011.0900
3000,2,10,55205.8100
3000,2,11,23855.5300
3000,3,1,204.7400
3000,3,4,12.5700
3000,3,10,-60.0000
3000,3,11,30.0000
3000,4,4,346.0600
3000,4,8,175.0000
3000,4,9,35.0000
3000,4,10,47.5000
3000,5,4,273.1600
3000,5,5,60.9400
3000,5,6,60.9400
3000,5,7,61.1600
3000,5,8,60.9400
3000,5,9,85.0900
3000,5,10,121.8800
3000,5,11,60.9400
3000,6,7,18.7400
3000,6,9,183.3700
3000,7,9,72.0000
3001,1,1,-158158.4100
3001,1,2,-160797.4100
3001,1,3,-157419.0900
3001,1,4,-157419.0900
3001,1,5,-157419.0900
3001,1,6,-158955.0900
3001,1,7,-158695.8900
3001,1,8,-162633.6900
3001,1,9,-157419.0900
3001,1,10,-161125.5600
3001,1,11,-161125.5600
3001,2,1,70300.0800
3001,2,2,79600.8000
3001,2,3,83129.0000
3001,2,4,76826.2300
3001,2,5,78908.4100
3001,2,6,73800.4600
3001,2,7,95028.2700
3001,2,8,78126.0800
3001,2,9,85053.3500
3001,2,10,79515.5900
3001,2,11,31528.1000
3001,3,1,18618.6900
3001,3,2,31024.0800
3001,3,3,33719.7800
3001,3,4,30649.0800
3001,3,5,33136.5500
3001,3,6,24637.6700
3001,3,7,24755.2500
3001,3,8,28353.7400
3001,3,9,35487.2200
3001,3,10,25809.4200
3001,3,11,14202.2300
3001,4,2,32.5500
3001,4,3,100.2000
3001,4,4,120.7600
3001,4,8,306.0000
3001,4,9,35.0000
3001,5,2,651.0400
3001,5,3,115.0000
3001,5,4,300.0000
3001,5,6,280.0400
3001,5,7,919.1600
3001,5,8,150.0000
3001,5,9,150.0000
3001,5,10,150.0000
3001,5,11,150.0000
3001,6,7,141.1500
3001,6,11,72.0100
3001,7,7,484.9800
3001,7,9,10.0000
3002,1,2,-1936.1800
3002,1,3,-9222.2900
3002,1,4,-27241.8900
3002,1,6,-1994.7500
3002,1,7,-28.1800
3002,1,8,-6049.7700
3002,1,9,-17831.3200
3002,1,10,-11595.9600
3002,1,11,-5889.2900
3002,2,4,17209.5000
3003,1,1,-7863.3000
3003,1,2,-7403.2000
3003,1,3,-7557.5000
3003,1,4,-8310.1400
3003,1,5,-6853.8900
3003,1,6,-8269.1500
3003,1,7,-6851.8500
3003,1,8,-6741.5000
3003,1,9,-8128.7600
3003,1,10,-7462.7600
3003,1,11,-6107.7400
3003,2,1,2311.6600
3003,2,2,2571.8300
3003,2,3,3336.0700
3003,2,4,3486.1900
3003,2,5,3557.5600
3003,2,6,3411.8800
3003,2,7,3764.5800
3003,2,8,4809.9900
3003,2,9,4496.2800
3003,2,10,2672.7600
3003,2,11,1274.3800
3003,3,1,89.2100
3003,3,2,136.0500
3003,3,3,768.4900
3003,3,4,1027.1500
3003,3,5,1114.8100
3003,3,6,1350.8500
3003,3,7,588.3400
3003,3,8,565.7400
3003,3,9,2147.1800
3003,3,10,1333.1200
3003,4,2,2.2000
3003,4,4,20.5600
3003,7,6,37.0000
3004,2,1,1804.2200
3004,2,2,2214.1400
3004,2,3,2398.5100
3004,2,4,2247.1300
3004,2,5,2207.1400
3004,2,6,2253.5200
3004,2,7,2412.3300
3004,2,8,1984.1900
3004,2,9,2256.8700
3004,2,10,2131.2600
3004,2,11,845.9600
3005,1,1,-335.1900
3005,1,2,-335.1900
3005,1,3,-335.1900
3005,1,4,-335.1900
3005,1,5,-335.1900
3005,1,6,-335.1900
3005,1,7,-335.1900
3005,1,8,-335.1900
3005,1,9,-335.1900
3005,1,10,-335.1900
3005,1,11,-335.1900
3005,2,1,120.2300
3005,2,2,113.5700
3005,2,3,103.8600
3005,2,4,131.5400
3005,2,5,122.3500
3005,2,6,109.4600
3005,2,7,152.4900
3005,2,8,89.1800
3005,2,9,136.2800
3005,2,10,111.4700
3005,2,11,54.3800
3005,3,4,5.5000
3005,3,8,6.2000
3005,3,9,8.5000
3005,4,2,16.2400
3005,4,7,57.9600
3006,1,1,-1229.4000
3006,1,2,-1229.4000
3006,1,3,-1229.4000
3006,1,4,-1229.4000
3006,1,5,-1229.4000
3006,1,6,-1229.4000
3006,1,7,-1229.4000
3006,1,8,-1229.4000
3006,1,9,-1229.4000
3006,1,10,-1452.5000
3006,1,11,-1229.4000
3006,2,1,905.6400
3006,2,2,877.0700
3006,2,3,914.4200
3006,2,4,973.6600
3006,2,5,748.7400
3006,2,6,386.9400
3006,2,7,675.0100
3006,2,8,1608.9000
3006,2,9,1346.9100
3006,2,10,1190.1800
3006,2,11,393.3000
3006,3,1,46.8500
3006,3,2,126.6200
3006,3,3,85.5900
3006,3,4,122.6700
3006,3,5,128.9900
3006,3,6,122.3900
3006,3,7,39.9900
3006,3,8,266.4900
3006,3,9,433.8900
3006,3,10,39.9900
3006,3,11,138.5100
3007,1,1,-19425.1800
3007,1,2,-19425.1800
3007,2,6,282.0000
3007,2,11,44.8600
3007,4,10,47.5000
3008,1,2,-470.0000
3008,1,3,-34668.5400
3008,1,4,-34668.5400
3008,1,5,-40378.2100
3008,1,6,-34668.5400
3008,1,7,-40328.2100
3008,1,8,-37424.5800
3008,1,9,-38880.8700
3008,1,10,-37595.5800
3008,1,11,-37025.5800
3008,2,1,16203.5500
3008,2,2,17199.9800
3008,2,3,17683.4900
3008,2,4,17252.5000
3008,2,5,18433.5500
3008,2,6,17770.5300
3008,2,7,19885.1300
3008,2,8,15725.9600
3008,2,9,18248.5800
3008,2,10,16523.2000
3008,2,11,7160.0000
3008,3,1,1975.6500
3008,3,2,1973.5400
3008,3,3,2260.6500
3008,3,4,1865.4000
3008,3,5,1842.8000
3008,3,6,2436.4700
3008,3,7,3084.8200
3008,3,8,1789.7800
3008,3,9,3292.1600
3008,3,10,3434.8600
3008,3,11,378.8700
3008,4,8,35.0000
3008,6,6,17.3900
3008,7,5,61.7600
3008,7,7,93.9700
3008,7,8,41.8200
3011,1,1,-8949.8000
3011,1,2,-9490.7000
3011,1,3,-8949.8000
3011,1,4,-11155.1400
3011,1,5,-11933.9600
3012,1,1,-19163.1900
3012,1,2,-19163.1900
3012,1,3,-19163.1900
3012,1,4,-19163.1900
3012,1,5,-18168.4700
3012,1,6,-30600.2700
3012,1,7,-30102.4300
3012,1,8,-30102.4300
3012,1,9,-30715.2800
3012,1,10,-32944.4900
3012,1,11,-30929.6800
3012,2,1,4929.1000
3012,2,2,21510.4800
3012,2,3,22527.9300
3012,2,4,22866.0900
3012,2,5,22102.5900
3012,2,6,22953.5500
3012,2,7,23489.3300
3012,2,8,18049.7200
3012,2,9,21165.4100
3012,2,10,17458.1600
3012,2,11,8445.0700
3012,3,1,2410.2400
3012,3,2,2818.3300
3012,3,3,2442.5700
3012,3,4,2694.4800
3012,3,5,2824.8300
3012,3,6,1595.4800
3012,3,7,2728.0400
3012,3,8,3726.7500
3012,3,9,2694.0500
3012,3,10,1842.8300
3012,3,11,1040.0800
3012,4,4,50.1000
3012,4,10,95.0000
3012,5,6,59.8900
3013,1,1,-1989.4400
3013,1,2,-1989.4400
3013,1,3,-1989.4400
3013,1,4,0.0000
3013,3,7,20.0000
3014,1,1,-1286.4600
3014,1,2,-1286.4600
3014,1,3,-1286.4600
3014,3,1,30.0000
3014,4,3,50.1000
3015,1,1,-2621.3900
3015,1,2,-2621.3900
3015,1,3,-2621.3900
3015,1,4,-2621.3900
3015,1,5,-2621.3900
3015,1,6,-2621.3900
3015,1,7,-2621.3900
3015,1,8,-2621.3900
3015,1,9,-2621.3900
3015,1,10,-2621.3900
3015,1,11,-2621.3900
3015,2,1,64.4000
3015,2,2,1003.5400
3015,2,3,1710.1400
3015,2,4,1581.3400
3015,2,5,1803.6900
3015,2,6,1647.6500
3015,2,7,1440.4200
3015,2,8,1704.5000
3015,2,9,1586.2500
3015,2,10,1341.5900
3015,2,11,652.6600
3015,3,1,349.7600
3015,3,3,459.1200
3015,3,4,368.7000
3015,3,6,317.8600
3015,3,7,309.1800
3015,3,9,321.3800
3015,3,10,213.2800
3015,4,4,20.5600
3016,1,1,-14196.4600
3016,1,2,-14196.4600
3016,1,3,-14196.4600
3016,1,4,-14196.4600
3016,1,5,-14196.4600
3016,1,6,-14196.4600
3016,1,7,-16802.0000
3016,1,8,-16802.0000
3016,1,9,-16802.0000
3016,1,10,-17146.2500
3016,1,11,-16802.0000
3016,2,1,9089.9500
3016,2,2,10818.8500
3016,2,3,10734.4400
3016,2,4,10823.1300
3016,2,5,10972.0900
3016,2,6,10481.5600
3016,2,7,13945.1900
3016,2,8,10811.1700
3016,2,9,12476.7000
3016,2,10,10037.1600
3016,2,11,4665.7100
3016,3,1,2027.1500
3016,3,2,2208.8800
3016,3,3,2216.6000
3016,3,4,1523.2400
3016,3,5,2440.1500
3016,3,6,420.3400
3016,3,7,3129.9300
3016,3,8,1449.4400
3016,3,9,1480.7500
3016,3,10,1506.5400
3016,3,11,854.5100
3016,4,2,2.2000
3017,1,1,-2097.5100
3017,1,2,-2097.5100
3017,1,3,-2097.5100
3017,1,4,-2097.5100
3017,1,5,-2097.5100
3017,1,6,-2097.5100
3017,1,7,-2097.5100
3017,1,8,-2097.5100
3017,1,9,-2097.5100
3017,1,10,-2097.5100
3017,1,11,-2097.5100
3017,2,1,1509.4300
3017,2,2,1641.8400
3017,2,3,1836.1300
3017,2,4,1273.7800
3017,2,5,1685.5000
3017,2,6,1809.5900
3017,2,7,3919.3700
3017,2,8,2084.6200
3017,2,9,2615.2800
3017,2,10,1610.3400
3017,2,11,577.4700
3017,3,1,317.3400
3017,3,2,360.8700
3017,3,3,409.2300
3017,3,4,352.1000
3017,3,5,446.5900
3017,3,6,190.9300
3017,3,7,455.0600
3017,3,8,983.3500
3017,3,9,702.5400
3017,3,10,286.8800
3017,3,11,194.7000
3017,4,2,2.2000
3017,4,7,57.9600
3018,1,1,-10750.4400
3018,1,2,-10750.4400
3018,1,3,0.0000
3018,1,4,0.0000
3018,2,10,92.8800
3018,4,2,57.0000
3018,7,6,9.7500
3019,1,1,-9857.5200
3019,1,2,-9857.5200
3019,1,3,-5709.6700
3019,1,4,-5709.6700
3019,1,5,0.0000
3019,1,6,-5709.6700
3019,1,7,-5709.6700
3019,2,1,296.9400
3019,2,2,15.3100
3019,2,3,66.4100
3019,2,4,181.3700
3019,3,1,830.8400
3019,3,2,936.4700
3019,3,3,1659.5400
3019,3,4,1052.1000
3019,3,5,1098.4600
3020,1,6,-59.9500
3020,2,1,113.1500
3020,2,2,110.7600
3020,2,3,136.0100
3020,2,4,113.7600
3020,2,5,122.3300
3020,2,6,133.6000
3020,2,7,128.3400
3020,2,8,89.1800
3020,2,9,136.2800
3020,2,10,111.4700
3020,2,11,54.3800
3020,3,2,18.6000
3020,3,3,22.6000
3020,3,4,29.1000
3020,3,5,53.8700
3020,3,6,556.3500
3020,3,7,34.6000
3020,3,8,30.6000
3020,3,9,40.0000
3020,3,10,24.6000
3020,3,11,24.6000
3020,4,2,6.4700
3020,4,4,20.5600
3021,4,4,20.5600
3021,5,2,1011.6000
3022,1,4,-1286.4600
3022,1,5,-1286.4600
3022,1,6,-1286.4600
3022,1,7,-1286.4600
3022,1,8,-1286.4600
3022,1,9,-1286.4600
3022,1,10,-1286.4600
3022,1,11,-1286.4600
3022,2,1,113.7700
3022,2,2,70.2500
3022,2,3,363.3300
3022,2,4,828.7600
3022,2,5,642.8000
3022,2,6,872.0100
3022,2,7,911.5500
3022,2,8,530.1400
3022,2,9,752.3400
3022,2,10,881.6000
3022,2,11,347.4100
3022,3,4,292.0200
3022,3,6,304.8500
3022,3,10,349.5400
3022,4,4,50.1000
3024,1,2,-18000.0000
3024,1,3,0.0000
3024,1,4,18000.0000
3024,2,1,3683.6600
3024,2,2,5979.4500
3024,2,3,5145.7700
3024,2,4,6574.0000
3024,2,5,6026.0700
3024,2,6,6273.8400
3024,2,7,4654.9000
3024,2,8,9864.6100
3024,2,9,6022.2200
3024,2,10,6074.0000
3024,2,11,1946.5000
3024,3,1,1524.2900
3024,3,2,1321.7000
3024,3,3,5767.7300
3024,3,4,1111.6200
3024,3,5,4742.4500
3024,3,6,2218.0200
3024,3,7,2417.8800
3024,3,8,3487.5800
3024,3,9,3236.8000
3024,3,10,4319.6000
3024,3,11,976.3400
3024,4,3,122.9200
3024,4,4,20.5600
3024,5,1,61.3100
3024,5,3,933.7500
3024,5,4,122.8400
3024,5,5,61.3600
3024,5,6,61.3600
3024,5,7,61.4400
3024,5,8,61.4000
3024,5,9,61.4000
3024,5,10,61.4000
3024,5,11,61.3500
3024,6,9,25.8000
3024,7,6,20.1400
3025,1,1,-61870.9800
3025,1,2,-61870.9800
3025,1,3,-61870.9800
3025,1,4,-56437.6500
3025,1,5,-58076.4500
3025,1,6,-56437.6500
3025,1,7,-61870.9800
3025,1,8,-62854.9800
3025,1,9,-61870.9800
3025,1,10,-63659.6200
3025,1,11,-63659.6200
3025,2,1,14418.7400
3025,2,2,15793.3700
3025,2,3,16533.7400
3025,2,4,16890.5800
3025,2,5,14368.3200
3025,2,6,11721.2700
3025,2,7,12227.2400
3025,2,8,12412.4900
3025,2,9,15617.3200
3025,2,10,13856.0500
3025,2,11,5743.0600
3025,3,2,3508.7500
3025,3,3,1970.2800
3025,3,4,1768.7200
3025,3,5,4202.1100
3025,3,7,1782.1800
3025,3,8,2666.3700
3025,3,9,1912.6200
3025,3,10,1894.3400
3025,3,11,1717.8600
3025,4,3,50.1000
3025,4,4,20.5600
3025,4,10,95.0000
3025,5,5,160.7200
3027,1,1,-32470.5000
3027,1,2,-32748.0000
3027,1,3,-32748.0000
3027,1,4,-34008.6300
3027,1,5,-33186.1300
3027,1,6,-32748.0000
3027,1,7,-32748.0000
3027,1,8,-32748.0000
3027,1,9,-32748.0000
3027,1,10,-34485.0800
3027,1,11,-32748.0000
3027,2,1,22176.3600
3027,2,2,21601.0100
3027,2,3,25193.0000
3027,2,4,23560.4600
3027,2,5,24344.8100
3027,2,6,23410.0500
3027,2,7,25694.4200
3027,2,8,19422.2800
3027,2,9,23669.9000
3027,2,10,23507.0300
3027,2,11,9828.0700
3027,3,1,2271.6600
3027,3,2,4270.2800
3027,3,3,2701.1200
3027,3,4,12201.6400
3027,3,5,3373.4200
3027,3,6,11059.2200
3027,3,7,10439.2000
3027,3,8,11887.7200
3027,3,9,-23547.6700
3027,3,10,10545.7600
3027,3,11,8038.5200
3027,4,4,100.2000
3027,4,8,57.0000
3027,4,10,47.5000
3027,5,10,164.9900
3027,6,6,276.4800
3027,6,8,73.4400
3027,6,10,149.0400
3027,7,10,10.0000
3028,1,3,-15558.0000
3028,1,4,-27663.1500
3028,1,5,832.0600
3028,1,6,-8489.1300
3028,1,8,-4952.1500
3028,1,9,-3250.6400
3028,1,10,-12925.0000
3028,1,11,-9733.3000
3028,2,2,15635.1900
3028,2,3,13184.9600
3028,2,4,2518.4600
3028,2,6,5925.0000
3028,2,8,1373.2900
3028,2,9,12950.0000
3028,2,10,11275.7400
3028,2,11,1500.0000
3028,3,3,866.7300
3028,3,4,218.1800
3028,3,6,216.7300
3028,3,8,838.7700
3028,3,10,306.3900
3029,1,1,-10198.1000
3029,1,2,-10301.5600
3029,1,3,-9887.7200
3029,1,4,-10153.7600
3029,1,5,-10301.5600
3029,1,6,-9887.7200
3029,1,7,-9887.7200
3029,1,8,-9887.7200
3029,1,9,-9887.7200
3029,1,10,-1990.0000
3029,1,11,-2278.2100
3029,2,1,24770.1000
3029,2,2,9262.2800
3029,2,3,6453.7700
3029,2,4,7238.2900
3029,2,5,7099.8300
3029,2,6,7854.2300
3029,2,7,8346.3000
3029,2,8,6635.1100
3029,2,9,7123.9400
3029,2,10,1572.8900
3029,2,11,1094.5000
3029,3,1,523.8900
3029,3,2,340.8900
3029,3,3,342.1800
3029,3,4,317.9400
3029,3,5,369.7000
3029,3,6,127.8400
3029,3,7,118.8400
3029,3,8,462.5100
3029,3,9,357.9900
3029,3,10,98.8400
3029,3,11,98.8400
3029,4,2,3.3000
3029,4,4,20.5600
3030,1,1,-10340.3700
3030,1,2,-10340.3700
3030,1,4,0.0000
3030,2,1,4301.9200
3030,2,2,5285.9800
3030,2,3,251.1200
3030,2,6,50.0700
3030,3,1,422.3200
3030,3,2,918.4300
3031,1,1,-4973.9400
3031,1,2,-4973.9400
3031,1,3,-4973.9400
3031,1,4,-4973.9400
3031,1,5,-4973.9400
3031,1,6,-4973.9400
3031,1,7,-4973.9400
3031,1,8,-4973.9400
3031,1,9,-4973.9400
3031,1,10,-4973.9400
3031,1,11,-4973.9400
3031,2,1,4194.0400
3031,2,2,3946.1800
3031,2,3,4599.7100
3031,2,4,3900.6500
3031,2,5,4355.8400
3031,2,6,3816.4600
3031,2,7,4253.4000
3031,2,8,3159.0600
3031,2,9,3978.5900
3031,2,10,3385.6600
3031,2,11,1641.5200
3031,7,7,15.0000
3032,3,7,705.9400
3032,4,4,20.5600
3033,1,1,-23369.5600
3033,1,2,-27602.7700
3033,1,3,-18561.7000
3033,1,4,-24235.5800
3033,1,5,-19052.0000
3033,1,6,-26161.6500
3033,1,7,-29909.2500
3033,1,8,-30801.8400
3033,1,9,-23365.6800
3033,1,10,-23164.2000
3033,1,11,-23076.4700
3033,2,1,9729.2900
3033,2,2,10629.4600
3033,2,3,11583.8300
3033,2,4,10145.4400
3033,2,5,9713.8400
3033,2,6,12200.1100
3033,2,7,16208.0200
3033,2,8,10207.9800
3033,2,9,8969.2300
3033,2,10,10155.6100
3033,2,11,3202.5900
3033,3,2,4781.3600
3033,3,3,7833.2900
3033,3,4,3933.6800
3033,3,5,4114.7100
3033,3,6,3989.7100
3033,3,7,1903.7000
3033,3,8,390.0300
3033,3,10,4029.6100
3033,4,3,50.1000
3033,4,4,20.5600
3033,5,2,130.0000
3034,1,1,-1995.0000
3034,1,2,-1995.0000
3034,1,3,-1995.0000
3034,1,4,-1995.0000
3034,1,5,-1995.0000
3034,1,6,-1995.0000
3034,1,7,-1995.0000
3034,1,8,-1995.0000
3034,1,9,-1995.0000
3034,1,10,-1995.0000
3034,1,11,-1995.0000
3034,2,1,1182.9800
3034,2,2,1179.6900
3034,2,3,1224.8500
3034,2,4,1277.9100
3034,2,5,1261.0400
3034,2,6,1270.4600
3034,2,7,1178.9300
3034,2,8,1248.7100
3034,2,9,1015.0400
3034,2,10,1103.9700
3034,2,11,1515.5700
3034,3,4,49.2700
3034,3,9,238.4000
3034,4,4,70.6600
3034,4,10,47.5000
3035,1,1,0.0000
3035,2,1,224.0000
3035,3,2,54.8100
3036,1,1,-1572.5500
3036,1,2,-1483.0400
3036,1,3,-1483.0400
3036,1,4,-1483.0400
3036,1,5,-1483.0400
3036,1,6,-1483.0400
3036,1,7,-1572.5500
3036,1,8,-1482.5400
3036,1,9,-1483.0400
3036,1,10,-1483.0400
3036,1,11,-1393.5300
3036,2,1,658.4300
3036,2,2,643.4400
3036,2,3,615.6400
3036,2,4,687.2100
3036,2,5,695.6400
3036,2,6,736.2000
3036,2,7,675.1100
3036,2,8,579.0600
3036,2,9,683.3900
3036,2,10,595.8100
3036,2,11,265.8900
3036,3,3,1.0000
3036,3,4,16.0700
3036,3,6,19.0000
3036,3,7,14.0000
3036,3,8,28.9200
3036,3,9,24.3800
3036,3,10,9.0000
3036,3,11,9.0000
3036,4,2,16.0700
3036,4,4,50.1000
3037,1,1,-19902.0000
3037,1,2,-19902.0000
3037,1,3,-19902.0000
3037,1,4,-19902.0000
3037,1,5,-19902.0000
3037,1,6,-19902.0000
3037,1,7,-19902.0000
3037,1,8,-20825.4400
3037,1,9,-22557.0000
3037,1,10,-22557.0000
3037,1,11,-22557.0000
3037,2,1,11816.1400
3037,2,2,13057.4900
3037,2,3,14691.1300
3037,2,4,13540.9500
3037,2,5,13764.7900
3037,2,6,14990.8100
3037,2,7,15470.4900
3037,2,8,12014.8600
3037,2,9,16059.9400
3037,2,10,14730.8800
3037,2,11,5954.3500
3037,3,1,1118.0000
3037,3,2,1553.8800
3037,3,3,1737.0300
3037,3,4,1267.8900
3037,3,5,1310.6600
3037,3,6,1454.9400
3037,3,7,1668.6100
3037,3,8,1902.9900
3037,3,9,2531.0500
3037,3,10,2163.0100
3037,3,11,162.2700
3037,4,3,113.7000
3037,4,4,20.4600
3037,4,8,70.0000
3037,5,9,11.4400
3037,6,8,42.1200
3037,6,10,86.1200
3038,1,1,-17160.1200
3038,1,2,-16661.0100
3038,1,3,-16236.5800
3038,1,4,-17512.2000
3038,1,5,-17439.1300
3038,1,6,-15500.0000
3038,1,7,-15500.0000
3038,1,8,-16225.4000
3038,1,9,-16008.5000
3038,1,10,-16374.3500
3038,1,11,-15500.0000
3038,2,1,10582.9000
3038,2,2,11720.3200
3038,2,3,12700.1800
3038,2,4,12450.2200
3038,2,5,13152.9800
3038,2,6,8399.4900
3038,2,7,6061.0100
3038,2,8,9655.7400
3038,2,9,13136.5000
3038,2,10,9649.4200
3038,2,11,4643.1700
3038,3,1,982.2900
3038,3,2,572.0800
3038,3,3,884.2600
3038,3,4,1357.9500
3038,3,5,2527.9100
3038,3,6,1208.4900
3038,3,8,1045.6700
3038,3,10,736.5200
3038,4,4,115.7600
3038,4,8,350.0000
3038,4,9,70.0000
3038,4,10,47.5000
3038,6,4,25.9600
3038,6,5,49.8600
3038,6,6,18.3400
3038,6,7,66.5600
3038,6,8,34.3200
3038,6,10,71.2200
3038,7,7,23.2900
3039,1,1,-1465.0000
3039,1,2,-1465.0000
3039,1,3,-1465.0000
3039,1,4,-1465.0000
3039,1,5,-1465.0000
3039,1,6,-1465.0000
3039,1,7,-1465.0000
3039,1,8,-1465.0000
3039,1,9,-1465.0000
3039,1,10,-1465.0000
3039,1,11,-1465.0000
3039,2,1,795.4100
3039,2,2,718.4400
3039,2,3,807.5300
3039,2,4,733.2300
3039,2,5,820.1600
3039,2,6,710.5500
3039,2,7,854.4800
3039,2,8,569.3100
3039,2,9,1164.3700
3039,2,10,839.2700
3039,2,11,545.2300
3039,4,8,35.0000
3039,4,10,47.5000
3040,1,1,-15263.3400
3040,1,2,-14953.3400
3040,1,3,-17376.1400
3040,1,4,-14953.3400
3040,1,5,-14953.3400
3040,1,6,-14953.3400
3040,1,7,-15263.3400
3040,1,8,-14953.3400
3040,1,9,-17375.4200
3040,1,10,-14953.3400
3040,1,11,-14953.3400
3040,2,1,9459.5600
3040,2,2,10353.1700
3040,2,3,12968.6900
3040,2,4,11578.2800
3040,2,5,9575.9300
3040,2,6,9293.9000
3040,2,7,11120.8800
3040,2,8,8953.6800
3040,2,9,10735.7900
3040,2,10,9980.8300
3040,2,11,4339.4400
3040,3,1,316.3200
3040,3,2,424.6600
3040,3,3,2354.3600
3040,3,5,50.4000
3040,3,6,503.4200
3040,3,7,119.7200
3040,3,8,151.2000
3040,3,9,1907.2900
3040,3,10,274.9900
3040,3,11,117.8000
3040,4,1,763.5900
3040,4,4,20.5600
3040,4,8,70.0000
3040,5,10,164.9900
3040,6,8,57.2400
3040,6,10,149.5600
3042,1,1,-4635.9000
3042,1,2,-5052.6400
3042,1,3,-5335.0800
3042,1,4,-4835.3200
3042,1,5,-4200.0000
3042,1,6,-4200.0000
3042,1,7,-4720.7400
3042,1,8,-4200.0000
3042,1,9,-5032.4700
3042,1,10,-4542.1700
3042,1,11,-4200.0000
3042,2,1,2344.3700
3042,2,2,2891.1200
3042,2,3,3116.9700
3042,2,4,2705.4000
3042,2,5,3395.3200
3042,2,6,3019.1100
3042,2,7,4545.7500
3042,2,8,2060.0300
3042,2,9,2927.0200
3042,2,10,2656.3100
3042,2,11,1215.1100
3042,3,2,480.5300
3042,3,3,1461.9500
3042,3,4,191.5500
3042,3,5,1270.2900
3042,3,6,625.2900
3042,3,7,632.4500
3042,3,8,194.1400
3042,3,9,406.0200
3042,3,10,120.4100
3042,4,4,50.1000
3043,1,1,-1800.0000
3043,1,2,-1800.0000
3043,1,3,-1800.0000
3043,1,4,-1800.0000
3043,1,5,-1800.0000
3043,1,6,-1800.0000
3043,1,7,-1800.0000
3043,1,8,-1800.0000
3043,1,9,-1800.0000
3043,1,10,-1800.0000
3043,1,11,-1800.0000
3043,2,1,2104.1700
3043,2,2,1597.7300
3043,2,3,1824.4400
3043,2,4,1736.4700
3043,2,5,1856.9800
3043,2,6,1746.3500
3043,2,7,1299.7200
3043,2,8,1952.4100
3043,2,9,1941.4000
3043,2,10,1624.6100
3043,2,11,845.2400
3043,3,3,64.5000
3043,5,7,1162.3100
3043,7,5,19.5000
3044,1,4,-250.0000
3044,1,5,-250.0000
3044,1,10,-250.0000
3044,2,4,79.8800
3044,2,5,191.4500
3044,2,10,85.5700
3045,1,3,-61251.0000
3045,1,4,-69439.0900
3045,1,5,-61251.0000
3045,1,6,-65455.9200
3045,1,7,-69944.5000
3045,1,8,-69545.5000
3045,1,9,-70480.4200
3045,1,10,-69403.0000
3045,1,11,-69403.0000
3045,2,2,1396.5600
3045,2,3,45901.8100
3045,2,4,50615.0100
3045,2,5,48912.9200
3045,2,6,49760.1700
3045,2,7,55058.9800
3045,2,8,39903.1900
3045,2,9,52878.3700
3045,2,10,49237.2400
3045,2,11,20070.9600
3045,3,2,9781.9600
3045,3,3,11048.9900
3045,3,4,8196.1400
3045,3,5,7586.1000
3045,3,6,7960.7600
3045,3,7,5868.1800
3045,3,8,6923.7600
3045,3,9,11689.5300
3045,3,10,8435.5400
3045,3,11,4570.0800
3045,4,3,1933.6000
3045,4,4,446.2600
3045,4,8,280.0000
3045,4,9,110.0000
3045,4,10,95.0000
3045,6,3,4.0000
3045,6,4,17.7800
3045,6,5,27.0000
3045,6,6,22.9500
3045,6,7,26.7800
3045,6,11,16.5700
3045,7,4,43.0800
3045,7,5,6.2800
3045,7,7,106.4000
3045,7,8,49.8400
3046,1,3,-4974.0000
3046,1,4,-4974.0000
3046,1,5,-4974.0000
3046,1,6,-4974.0000
3046,1,7,-4974.0000
3046,1,8,-4974.0000
3046,1,9,-4974.0000
3046,1,10,-4974.0000
3046,1,11,-4974.0000
3046,2,2,354.1500
3046,2,3,3174.2400
3046,2,4,3621.0100
3046,2,5,3783.8900
3046,2,6,4043.1300
3046,2,7,4325.9000
3046,2,8,4941.0700
3046,2,9,4323.1600
3046,2,10,3288.5400
3046,2,11,1683.3500
3046,3,2,2326.5300
3046,3,3,926.8700
3046,3,4,289.4000
3046,3,6,320.1300
3046,3,7,969.7300
3046,3,8,398.3000
3046,3,9,674.1200
3046,3,11,495.5700
3046,4,3,50.1000
3046,4,4,20.5600
3047,2,9,144.4200
3047,2,10,7.6000
33,3,1,30405.5500
33,4,3,86.1800
33,6,1,788.0500
4006,2,10,600.0000
4018,1,4,-723.2000
4018,2,4,118.2300
4018,3,4,132.4300
4035,1,1,-1627.1100
4035,1,2,-1627.1100
4035,1,3,-1627.1100
4035,1,4,-1627.1100
4035,1,5,-1627.1100
4035,1,6,-1627.1100
4035,1,7,-1627.1100
4035,1,8,-1627.1100
4035,1,9,-1627.1100
4035,1,10,-1518.6400
4035,1,11,-1627.1100
4035,2,1,898.7200
4035,2,2,944.7200
4035,2,3,1006.7600
4035,2,4,1006.7600
4035,2,5,1079.3600
4035,2,6,1043.4300
4035,2,7,957.7200
4035,2,8,1125.8400
4035,2,9,979.1200
4035,2,10,875.8600
4035,2,11,629.9100
4035,3,1,230.3900
4035,3,3,211.4100
4035,3,5,273.0600
4035,3,7,196.4300
4035,3,9,142.7800
4035,3,10,96.0400
4035,3,11,329.6700
4035,4,4,20.5600
4037,1,1,-3165.6900
4037,1,2,-3165.6900
4037,1,3,-3165.6900
4037,1,4,-3165.6900
4037,1,5,-3165.6900
4037,1,6,-3165.6900
4037,1,7,-3165.6900
4037,1,8,-3165.6900
4037,1,9,-3165.6900
4037,1,10,-3165.6900
4037,1,11,-3165.6900
4037,2,1,2207.4900
4037,2,2,1814.9600
4037,2,3,1883.8100
4037,2,4,1809.1400
4037,2,5,1920.6400
4037,2,6,1806.1600
4037,2,7,1960.8800
4037,2,8,1591.2900
4037,2,9,1797.4400
4037,2,10,1613.7400
4037,2,11,872.6600
4037,3,1,120.6100
4037,3,2,303.8800
4037,3,3,300.4200
4037,3,4,167.7900
4037,3,6,185.5600
4037,3,7,219.5800
4037,3,8,246.3500
4037,3,9,248.7600
4039,2,7,55.2900
4039,2,9,4.7600
4039,2,10,0.2400
4040,1,1,-8218.9000
4040,1,2,-6559.6200
4040,1,3,-7495.3500
4040,1,4,-6741.4600
4040,1,5,-7124.3700
4040,1,6,-6581.5000
4040,1,7,-7826.7900
4040,1,8,-7143.0600
4040,1,9,-6825.2500
4040,1,10,-8186.9000
4040,1,11,-7757.6500
4040,2,1,3485.9500
4040,2,2,4136.1900
4040,2,3,4250.9300
4040,2,4,3744.9200
4040,2,5,4018.1400
4040,2,6,3920.0600
4040,2,7,4250.3500
4040,2,8,3782.4500
4040,2,9,4138.9900
4040,2,10,3535.6700
4040,2,11,1730.2300
4040,3,1,630.8900
4040,3,2,1152.9300
4040,3,3,525.5100
4040,3,4,347.6400
4040,3,5,1095.7200
4040,3,6,528.4000
4040,3,7,608.2800
4040,3,8,191.3400
4040,3,9,241.0400
4040,3,10,1065.5800
4040,3,11,106.7200
4040,6,3,246.4000
4040,7,5,38.0400
4044,1,1,-476.0000
4044,1,2,-476.0000
4044,1,3,-476.0000
4044,1,4,-476.0000
4044,1,5,-476.0000
4044,1,6,-476.0000
4044,1,7,-371.0000
4044,1,8,-446.0000
4044,1,9,-476.0000
4044,1,10,-476.0000
4044,1,11,-607.0000
4044,2,1,136.3000
4044,2,2,159.2400
4044,2,3,184.6100
4044,2,4,214.6100
4044,2,5,142.4700
4044,2,6,187.6000
4044,2,7,162.9100
4044,2,8,192.5900
4044,2,9,206.0000
4044,2,10,397.0000
4044,2,11,597.0000
4500,1,1,0.0000
4500,1,2,0.0000
4500,1,3,0.0000
4500,1,4,0.0000
4500,1,5,0.0000
4500,1,6,0.0000
4500,2,1,23098.6900
4500,2,2,27205.1300
4500,2,3,37772.4700
4500,2,4,22274.6100
4500,2,5,23387.1400
4500,2,6,49375.9200
4500,2,7,4805.2400
4500,2,8,22882.1800
4500,2,9,32973.9800
4500,2,10,30862.8200
4500,2,11,20274.9300
4500,2,12,6831.5400
4500,3,1,-28133.0000
4500,3,2,221.9500
4500,3,3,684.7400
4500,3,4,1459.5200
4500,3,5,478.5000
4500,3,6,724.9000
4500,3,7,1128.0500
4500,3,8,1495.2600
4500,3,9,303.4300
4500,3,10,917.4300
4500,3,11,310.9600
4500,4,1,5217.9500
4500,4,2,6058.4500
4500,4,3,5782.1900
4500,4,4,4059.9400
4500,4,5,6862.5600
4500,4,6,6432.2300
4500,4,7,8468.6500
4500,4,8,5764.4300
4500,4,9,5368.0900
4500,4,10,5265.1600
4500,4,11,52.8500
4500,4,12,52.8500
4500,5,3,548.6100
4500,5,4,1753.4700
4500,5,5,574.4900
4500,5,7,594.6400
4500,5,8,646.8200
4500,5,9,952.7800
4500,5,10,394.4300
4500,6,1,5508.0400
4500,6,2,4799.4100
4500,6,3,4667.7100
4500,6,4,5471.8300
4500,6,5,5509.9900
4500,6,6,4223.9700
4500,6,7,4231.9600
4500,6,8,4503.1800
4500,6,9,4072.2700
4500,6,10,3494.1100
4500,6,11,1735.7500
4500,7,1,162.8600
4500,7,3,100.0000
4500,7,4,115.0500
4500,7,5,15.8300
4500,7,6,20.0000
4500,7,7,127.5500
4500,7,8,187.5000
4500,7,9,91.5800
4500,7,10,147.9600
4501,4,3,13377.0400
4501,4,4,7801.8700
4501,4,5,8904.3200
4501,4,7,1923.4800
4501,4,9,10767.5400
4501,4,10,2592.0000
4502,4,3,5130.0000
5000,1,1,-4992.1600
5000,1,2,-4992.1600
5000,1,3,-7041.3000
5000,1,4,-4992.1600
5000,1,5,-4992.1600
5000,1,6,-6765.4600
5000,1,7,-4992.1600
5000,1,8,-5592.1600
5000,1,9,-4992.1600
5000,1,10,-4992.1600
5000,1,11,-4992.1600
5000,2,1,1112.5300
5000,2,2,3717.6200
5000,2,3,3794.9600
5000,2,4,3675.0900
5000,2,5,4224.7600
5000,2,6,3338.9100
5000,2,7,3889.4900
5000,2,8,3893.4300
5000,2,9,3946.6700
5000,2,10,3953.3000
5000,2,11,1602.7900
5000,3,4,7.4900
5000,3,5,52.0900
5000,3,6,19.1700
5000,3,7,20.0000
5000,3,8,19.3500
5000,3,9,104.4200
5000,3,10,60.3500
5000,4,2,21.4900
5000,4,7,57.9600
5001,3,2,12.0000
5001,3,3,19.0000
5001,3,4,19.0000
5010,1,11,-2413.6200
5010,2,11,94.6200
5010,3,11,1530.2000
5011,1,1,-36378.2500
5011,1,2,-37293.1600
5011,1,3,-37781.7500
5011,1,4,-31353.8000
5011,1,5,-28662.0000
5011,1,6,-29596.1000
5011,1,7,-28806.2500
5011,1,8,-28853.0700
5011,1,9,-29740.7400
5011,1,10,-27990.9400
5011,1,11,-38534.0000
5011,2,1,28556.1200
5011,2,2,28360.4000
5011,2,3,32781.6500
5011,2,4,25036.3400
5011,2,5,25876.0200
5011,2,6,22719.0900
5011,2,7,27051.2500
5011,2,8,20039.3300
5011,2,9,24371.8800
5011,2,10,23026.7900
5011,2,11,13151.5000
5011,3,1,2958.2900
5011,3,2,3366.5400
5011,3,3,3856.6900
5011,3,4,2174.9100
5011,3,5,2296.3400
5011,3,6,3050.0400
5011,3,7,1930.5900
5011,3,8,1859.8000
5011,3,9,1175.4300
5011,3,10,729.9300
5011,3,11,494.4600
5011,4,3,160.2000
5011,4,4,269.4600
5011,4,8,35.0000
5011,4,10,95.0000
5011,5,4,548.2600
5011,5,7,2033.1900
5011,5,10,536.6300
5011,6,9,81.6900
5011,6,10,1027.8300
5011,6,11,32.4700
5011,7,4,184.0600
5011,7,5,86.2300
5011,7,7,32.8100
5011,7,8,39.7300
5012,1,1,-12875.0000
5012,2,1,11524.9100
5012,2,2,407.1300
5012,3,3,-22.2500
5013,2,1,1678.4800
5013,2,2,1758.7100
5013,2,3,1407.1700
5013,2,4,2603.8800
5013,2,5,1661.1600
5013,2,6,1209.5700
5013,2,7,1213.8800
5013,2,8,1077.7000
5013,2,9,1150.4300
5013,2,10,1283.1400
5013,2,11,443.9400
5013,4,8,35.0000
5013,4,10,47.5000
5014,1,2,-3090.0000
5014,1,5,-1120.0000
5014,2,1,6552.0300
5014,2,2,6541.9900
5014,2,3,7247.9500
5014,2,4,4159.8700
5014,2,5,6191.8700
5014,2,6,3538.3500
5014,2,7,4193.1800
5014,2,8,5161.5000
5014,2,9,5792.0800
5014,2,10,6058.7900
5014,2,11,2181.5800
5014,3,1,22.2600
5014,4,4,50.1000
5014,4,10,95.0000
5014,6,1,7.0000
5017,1,1,-57464.1700
5017,1,2,-57182.1700
5017,1,3,-55733.9300
5017,1,4,-57342.1700
5017,1,5,-14833.6800
5017,2,1,54651.0800
5017,2,2,52126.6100
5017,2,3,57461.7200
5017,2,4,55561.2100
5017,2,5,15828.8400
5017,2,6,282.6600
5017,3,1,1073.1800
5017,3,2,1737.0100
5017,3,3,1163.3000
5017,3,4,1158.7500
5017,4,1,29.0000
5017,4,2,58.0000
5017,4,3,250.5000
5017,4,4,693.1500
5017,4,5,-513.8500
5017,6,3,2.7500
5017,7,3,368.1000
5017,7,4,368.1000
6008,1,1,-4375.8200
6008,1,2,-4163.7200
6008,1,3,-3992.7200
6008,1,4,-4127.2700
6008,1,5,-4087.7200
6008,1,6,-4052.5200
6008,1,7,-4282.0000
6008,1,8,-4358.0000
6008,1,9,-4567.0000
6008,1,10,-4358.0000
6008,1,11,-4282.0000
6008,2,1,2738.3700
6008,2,2,3188.6500
6008,2,3,3538.2000
6008,2,4,2846.4100
6008,2,5,2734.7900
6008,2,6,4234.0500
6008,2,7,2640.9000
6008,2,8,3030.4600
6008,2,9,3683.2600
6008,2,10,2084.0300
6008,2,11,1285.7400
6008,3,1,279.9100
6008,3,2,304.4900
6008,3,3,299.3400
6008,3,4,295.7600
6008,3,5,190.6400
6008,3,6,272.5900
6008,3,7,534.0500
6008,3,8,285.7100
6008,3,9,650.4700
6008,3,10,351.6000
6008,4,10,47.5000
6008,5,10,164.9900
6025,1,7,-1014.0000
6025,1,9,-1130.0700
6025,2,7,106.4100
6025,2,9,137.9500
6025,2,11,67.0100
6026,1,8,-6790.2600
6026,1,9,-792.8600
6026,2,8,5448.3100
6026,2,9,956.5100
6026,3,8,447.0000
6026,6,8,192.9200
7001,1,1,-6445.6500
7001,1,2,-3977.8700
7001,1,3,-12275.9000
7001,1,4,-9385.9800
7001,1,5,-3926.9100
7001,1,6,-2992.0100
7001,1,7,-11379.4700
7001,1,8,-3198.6100
7001,1,9,-11398.9800
7001,1,10,-7307.0900
7001,1,11,-12764.0900
7001,2,1,2144.6900
7001,2,2,2810.6100
7001,2,3,2166.6100
7001,2,4,2652.7500
7001,2,5,2873.9900
7001,2,6,3334.3400
7001,2,7,2250.9900
7001,2,8,2005.7300
7001,2,9,3594.8700
7001,2,10,2871.1500
7001,2,11,1404.0800
7001,3,1,116.0000
7001,3,3,0.0000
7001,3,5,87.9500
7001,3,9,864.5600
7001,3,10,1676.4100
7001,3,11,589.2200
7001,4,4,20.5600
7001,4,8,105.0000
7001,7,4,25.3900
7002,2,3,1250.4300
7002,2,4,809.4300
7002,2,6,96.0400
7002,2,8,151.5400
7002,2,9,1247.8400
7002,2,10,1284.2500
7002,2,11,983.3100
7002,3,3,377.1500
7002,3,7,1725.7400
7003,1,4,-44.3400
7003,1,6,-979.5600
7003,1,9,-9549.4300
7003,2,1,1828.5100
7003,2,2,452.0700
7003,2,3,2911.4100
7003,2,4,2856.7600
7003,2,5,1255.0600
7003,2,6,959.9300
7003,2,7,4816.3300
7003,2,8,427.3400
7003,2,9,5677.9100
7003,2,10,5071.4300
7003,2,11,1778.2700
7003,3,1,72.0700
7003,4,4,20.5600
7004,2,3,87.7000
7004,4,4,20.5600
7005,1,3,0.0000
7005,1,11,-32631.1000
7005,2,2,455.7900
7005,2,11,576.5300
7005,3,1,3085.5900
7005,3,2,2867.6300
7005,3,3,2969.3300
7005,3,5,120.4200
7005,4,4,20.5600
7006,1,1,-520.0000
7006,1,2,-520.0000
7006,1,3,-520.0000
7006,1,4,-520.0000
7006,1,5,-520.0000
7006,1,6,-520.0000
7006,1,7,-594.0000
7006,1,8,-520.0000
7006,1,9,-520.0000
7006,1,10,-520.0000
7006,1,11,-520.0000
7006,2,1,376.8800
7006,2,2,443.9900
7006,2,3,521.1000
7006,2,4,429.3100
7006,2,5,467.8900
7006,2,6,220.1700
7006,2,7,392.9500
7006,2,8,451.7200
7006,2,9,392.2900
7006,2,10,347.0300
7006,2,11,126.7200
7007,1,2,-27064.0800
7007,2,2,17093.8700
7007,3,3,48.4300
7007,4,3,248.9000
7007,4,4,20.5600
7008,1,1,137.1900
7009,1,1,-2445.0000
7009,1,2,-12547.5000
7009,1,3,-2400.0000
7009,1,4,-13600.0000
7009,1,5,-13020.0000
7009,1,6,-9280.0000
7009,1,7,-3610.0000
7009,1,9,-9600.0000
7009,1,10,-5640.0000
7009,2,1,4360.8800
7009,2,2,3138.6500
7009,2,3,788.8000
7009,2,4,2474.4300
7009,2,5,6045.2600
7009,2,6,4880.1800
7009,2,7,1127.6300
7009,2,8,1024.0000
7009,2,9,3869.0900
7009,2,10,2726.3800
7009,2,11,1096.6100
7009,4,4,20.5600
7009,4,8,35.0000
8005,2,2,6728.1000
8005,2,5,96.0000
8005,2,6,54.0000
8005,2,7,77.2800
8005,2,8,30.7200
8005,2,9,364.8000
8005,2,10,6984.3100
8005,4,4,20.5600
8006,1,1,-3723.8000
8006,1,2,-3723.8000
8006,1,3,-3723.8000
8006,1,4,-3723.8000
8006,1,5,-3723.8000
8006,1,6,-3723.8000
8006,1,7,-4011.1300
8006,1,8,-3875.3500
8006,1,9,-3875.3500
8006,1,10,-3875.3500
8006,1,11,-3875.3500
8006,2,1,13998.0400
8006,2,2,6461.9800
8006,2,3,13159.5800
8006,2,4,15501.2700
8006,2,5,13535.6100
8006,2,6,13302.4100
8006,2,7,13459.9800
8006,2,8,13745.4200
8006,2,9,13770.1700
8006,2,10,6642.8900
8006,2,11,6307.3100
8007,1,1,-7692.9500
8007,1,2,-7124.6400
8007,1,3,-7238.3000
8007,1,4,-7238.3000
8007,1,5,-7238.3000
8007,1,6,-7238.3000
8007,1,7,-7238.3000
8007,1,8,-7238.3000
8007,1,9,-7238.3000
8007,1,10,-7238.3000
8007,1,11,-7238.3000
8007,2,4,312.1200
8007,2,5,286.0200
8007,2,6,60.0000
8007,2,7,7.5600
8007,2,8,128.0000
8007,2,9,22.7600
8007,2,10,128.0000
8007,2,11,304.4000
8008,1,1,-368.0500
8008,1,2,-368.0500
8008,1,3,-368.0500
8008,1,4,-368.0500
8008,1,5,-368.0500
8008,1,6,-368.0500
8008,1,7,-368.0500
8008,1,8,-368.0500
8008,1,9,-368.0500
8008,1,10,-368.0500
8008,1,11,-368.0500
8008,2,4,96.0000
8008,2,5,63.0000
8008,2,7,54.2800
8008,2,8,266.0700
8008,2,9,179.0000
8008,2,10,297.7000
8009,1,1,-151.5500
8009,1,2,-151.5500
8009,1,3,-151.5500
8009,1,4,-151.5500
8009,1,5,-151.5500
8009,1,6,-151.5500
8009,1,7,-151.5500
8009,1,8,-151.5500
8009,1,9,-151.5500
8009,1,10,-151.5500
8009,1,11,-151.5500
8009,2,5,128.7700
8009,2,8,128.0000
8009,2,9,352.5000
8009,2,10,153.5800
8010,1,1,-173.2000
8010,1,2,-173.2000
8010,1,3,-173.2000
8010,1,4,-173.2000
8010,1,5,-173.2000
8010,1,6,-173.2000
8010,1,7,-173.2000
8010,1,8,-173.2000
8010,1,9,-173.2000
8010,1,10,-173.2000
8010,1,11,-258.2000
8010,2,7,54.2800
8010,2,8,96.4800
8010,2,9,179.0000
8010,2,10,153.5800
8011,1,1,-4178.4500
8011,1,2,-4178.4500
8011,1,3,-4239.2000
8011,1,4,-4178.4500
8011,1,5,-4178.4500
8011,1,6,-4178.4500
8011,1,7,-4238.4500
8011,1,8,-4178.4500
8011,1,9,-4248.4500
8011,1,10,-4405.0000
8011,1,11,-4330.0000
8011,2,4,276.8200
8011,2,5,158.4000
8011,2,7,88.1900
8011,2,8,156.8000
8011,2,9,143.2200
8011,2,10,70.5900
8012,1,1,-1537.1500
8012,1,2,-1537.1500
8012,1,3,-1537.1500
8012,1,4,-1537.1500
8012,1,5,-1537.1500
8012,1,6,-1537.1500
8012,1,7,-1537.1500
8012,1,8,-1537.1500
8012,1,9,-1537.1500
8012,1,10,-1537.1500
8012,1,11,-1662.1500
8012,2,10,288.2600
8013,1,1,-692.8400
8013,1,2,-692.8000
8013,1,3,-692.8000
8013,1,4,-692.8000
8013,1,5,-692.8000
8013,1,6,-692.8000
8013,1,7,-692.8000
8013,1,8,-692.8000
8013,1,9,-767.8000
8013,1,10,-692.8000
8013,1,11,-692.8000
8013,2,4,192.0000
8013,2,5,0.0000
8013,2,6,264.0000
8013,2,7,46.0800
8013,2,8,225.9200
8013,2,9,128.0000
8025,1,6,-1975.0000
8025,2,1,538.7900
8025,2,6,668.6900
8025,3,6,183.8400
8030,1,7,-333.3200
8030,1,8,-1750.0000
8030,1,9,-1750.0000
8030,1,10,-1750.0000
8030,1,11,-1750.0000
8030,2,7,312.5000
8030,2,8,1314.0000
8030,2,9,11.3800
8030,2,10,1250.0000
8030,2,11,1250.0000
8031,1,7,-333.3200
8031,1,8,-1750.0000
8031,1,9,-1750.0000
8031,1,10,-1750.0000
8031,1,11,-1750.0000
8031,2,7,312.5000
8031,2,8,1314.0000
8031,2,9,2511.3400
8031,2,10,149.1300
8031,2,11,1322.0700
9001,1,1,-6455.0300
9001,1,2,-5394.8400
9001,1,3,-6107.2400
9001,1,4,-6498.6500
9001,1,5,-5394.8400
9001,1,6,-2842.0000
9001,2,1,3366.1600
9001,2,2,3384.8800
9001,2,3,3727.8000
9001,2,4,3683.1800
9001,2,5,3501.3200
9001,2,6,857.3000
9001,3,1,545.5600
9001,3,3,911.6700
9001,3,4,1766.3300
9001,3,6,-19.7200
9002,1,1,-1828.5000
9002,1,2,0.0000
9002,1,3,0.0000
9002,2,1,935.0900
9002,2,2,35.5500
9002,3,11,310.6300
9003,1,1,-2035.0000
9003,1,2,-1650.0000
9003,1,3,-2740.0000
9003,1,4,-1650.0000
9003,1,5,-2535.0000
9003,1,6,-1650.0000
9003,1,7,-1650.0000
9003,1,8,-1650.0000
9003,1,9,-1650.0000
9003,1,10,-1650.0000
9003,1,11,-1650.0000
9003,2,1,1163.6800
9003,2,2,1597.7600
9003,2,3,1382.9600
9003,2,4,1259.1600
9003,2,5,1398.2400
9003,2,6,1374.2500
9003,2,7,1221.9700
9003,2,8,1317.7900
9003,2,9,1208.3800
9003,2,10,1131.7000
9003,2,11,540.2800
9003,3,4,25.4000
9003,3,5,94.3700
9003,5,10,164.9900
9004,1,2,-1620.0000
9004,1,3,-7189.1500
9004,1,4,-5270.0000
9004,2,1,3120.0000
9004,2,2,1520.0000
9004,2,3,5294.0000
9004,2,4,2800.0000
9004,4,2,1576.4100
9004,4,3,569.5200
901057,2,5,53.9300
901057,2,7,50.7600
901057,2,8,174.2900
901057,2,9,23.2200
901058,2,5,122.2300
901058,2,6,55.2000
901058,2,7,283.2100
901058,2,8,36.0000
901058,2,9,6.4000
901058,2,10,108.1000
901058,3,5,237.7000
903000,2,6,1323.6100
903000,2,7,4562.2000
903000,2,8,3577.0200
903000,2,9,3590.6300
903000,2,10,3800.3700
903000,2,11,1524.6200
903000,3,10,39.0000
903001,1,11,-162.4000
903001,2,4,117.2800
903001,2,5,390.0700
903001,2,7,1198.0000
903001,2,8,3210.0700
903001,2,9,3788.1800
903001,2,10,1288.0100
903001,2,11,1041.8900
903008,1,5,-327.7500
903008,2,5,204.2900
903012,3,4,158.0000
903012,3,8,1109.7900
903012,3,9,413.8400
903012,3,10,365.6400
903012,3,11,365.6400
903033,2,8,270.2500
903033,2,9,67.5600
903033,3,4,728.2800
903033,3,7,217.5000
903033,3,8,3933.7800
903033,3,9,4179.3000
903033,3,10,443.4700
903038,2,10,105.9400
903038,3,4,317.0000
903038,3,9,603.8500
903038,3,10,1360.4200
903042,3,4,347.8100
903042,3,8,607.7600
903042,3,10,790.4400
903045,1,5,-68.9200
903045,1,11,-785.0000
903045,2,4,136.0000
903045,2,5,1816.8600
903045,2,6,362.0400
903045,2,7,190.7800
903045,2,8,37.8300
903045,2,9,150.1700
903045,2,10,142.0800
903045,2,11,105.6600
903045,3,9,568.7000
903045,3,10,24.7000
904040,2,9,74.8900
904040,2,10,3.9400
904040,2,11,47.6300
904040,3,6,128.9700
904040,3,8,305.4800
904040,3,9,921.0700
904040,3,11,198.3000
904040,6,10,24.3500
905011,2,5,54.3800
905011,2,6,418.0300
905011,3,4,1330.0200
905011,3,7,306.7500
905011,3,8,1277.3400
905011,3,9,1057.2200
905011,3,10,366.0600
905011,3,11,1096.2200
906008,2,5,210.8400
906008,2,6,115.6200
906008,2,7,75.8500
906008,2,8,114.7800
906008,2,9,270.1100
906008,2,10,68.7200
906008,2,11,66.5700
909001,3,4,237.8400
909001,3,10,33.6000
9200,2,2,200.0000
9303,1,1,-550.0000
9303,3,1,496.5000
9303,3,3,879.0200
