MonthlyBudget,Period1,Period2,Period3,Period4,Period5,Period6,Period7,Period8,Period9,Period10,Period11,Period12,GLAccountNumber,FiscalYear,BudgetType,JobNumber
423.0000,423.0000,423.0000,423.0000,423.0000,423.0000,423.0000,423.0000,423.0000,423.0000,423.0000,423.0000,423.0000,4022,2016,Other,1003
3500.0000,3500.0000,3500.0000,3500.0000,3500.0000,3500.0000,3500.0000,3500.0000,3500.0000,3500.0000,3500.0000,3500.0000,3500.0000,4090,2016,Supplies,1003
3500.0000,3500.0000,3500.0000,3500.0000,3500.0000,3500.0000,3500.0000,3500.0000,3500.0000,3500.0000,3500.0000,3500.0000,3500.0000,4090,2017,Supplies,1003
141.0000,141.0000,141.0000,141.0000,141.0000,141.0000,141.0000,141.0000,141.0000,141.0000,141.0000,141.0000,141.0000,4060,2016,Other,1003
0.0000,0.0000,0.0000,0.0000,0.0000,0.0000,0.0000,0.0000,0.0000,0.0000,0.0000,0.0000,0.0000,4001,2015,Other,1003
162.0000,162.0000,162.0000,162.0000,162.0000,162.0000,162.0000,162.0000,162.0000,162.0000,162.0000,162.0000,162.0000,4001,2016,Other,1003
423.0000,423.0000,423.0000,423.0000,423.0000,423.0000,423.0000,423.0000,423.0000,423.0000,423.0000,423.0000,423.0000,4021,2016,Other,1003
1226.0000,1226.0000,1226.0000,1226.0000,1226.0000,1226.0000,1226.0000,1226.0000,1226.0000,1226.0000,1226.0000,1226.0000,1226.0000,4020,2016,Sub-contracted Labor,1003
0.0000,0.0000,0.0000,0.0000,0.0000,0.0000,0.0000,0.0000,0.0000,0.0000,0.0000,0.0000,0.0000,4003,2015,Other,1003
140.0000,140.0000,140.0000,140.0000,140.0000,140.0000,140.0000,140.0000,140.0000,140.0000,140.0000,140.0000,140.0000,4003,2016,Other,1003
0.0000,0.0000,0.0000,0.0000,0.0000,0.0000,0.0000,0.0000,0.0000,0.0000,0.0000,0.0000,0.0000,4004,2015,Other,1003
36.0000,36.0000,36.0000,36.0000,36.0000,36.0000,36.0000,36.0000,36.0000,36.0000,36.0000,36.0000,36.0000,4004,2016,Other,1003
4.0000,4.0000,4.0000,4.0000,4.0000,4.0000,4.0000,4.0000,4.0000,4.0000,4.0000,4.0000,4.0000,4003,2016,Other,1007
16.0000,16.0000,16.0000,16.0000,16.0000,16.0000,16.0000,16.0000,16.0000,16.0000,16.0000,16.0000,16.0000,4021,2016,Other,1007
5.0000,5.0000,5.0000,5.0000,5.0000,5.0000,5.0000,5.0000,5.0000,5.0000,5.0000,5.0000,5.0000,4060,2016,Other,1007
16.0000,16.0000,16.0000,16.0000,16.0000,16.0000,16.0000,16.0000,16.0000,16.0000,16.0000,16.0000,16.0000,4022,2016,Other,1007
95.0000,95.0000,95.0000,95.0000,95.0000,95.0000,95.0000,95.0000,95.0000,95.0000,95.0000,95.0000,95.0000,4090,2016,Supplies,1008
7.0000,7.0000,7.0000,7.0000,7.0000,7.0000,7.0000,7.0000,7.0000,7.0000,7.0000,7.0000,7.0000,4001,2016,Other,1008
6.0000,6.0000,6.0000,6.0000,6.0000,6.0000,6.0000,6.0000,6.0000,6.0000,6.0000,6.0000,6.0000,4003,2016,Other,1008
3.0000,3.0000,3.0000,3.0000,3.0000,3.0000,3.0000,3.0000,3.0000,3.0000,3.0000,3.0000,3.0000,4003,2016,Other,1009
37.0000,37.0000,37.0000,37.0000,37.0000,37.0000,37.0000,37.0000,37.0000,37.0000,37.0000,37.0000,37.0000,4090,2016,Supplies,1009
41.0000,41.0000,41.0000,41.0000,41.0000,41.0000,41.0000,41.0000,41.0000,41.0000,41.0000,41.0000,41.0000,4090,2016,Supplies,1010
9.0000,9.0000,9.0000,9.0000,9.0000,9.0000,9.0000,9.0000,9.0000,9.0000,9.0000,9.0000,9.0000,4003,2016,Other,1010
3.0000,3.0000,3.0000,3.0000,3.0000,3.0000,3.0000,3.0000,3.0000,3.0000,3.0000,3.0000,3.0000,4003,2016,Other,1011
115.0000,115.0000,115.0000,115.0000,115.0000,115.0000,115.0000,115.0000,115.0000,115.0000,115.0000,115.0000,115.0000,4090,2016,Supplies,1011
3.0000,3.0000,3.0000,3.0000,3.0000,3.0000,3.0000,3.0000,3.0000,3.0000,3.0000,3.0000,3.0000,4001,2016,Other,1011
36.0000,36.0000,36.0000,36.0000,36.0000,36.0000,36.0000,36.0000,36.0000,36.0000,36.0000,36.0000,36.0000,4022,2016,Other,1012
9.0000,9.0000,9.0000,9.0000,9.0000,9.0000,9.0000,9.0000,9.0000,9.0000,9.0000,9.0000,9.0000,4003,2016,Other,1012
12.0000,12.0000,12.0000,12.0000,12.0000,12.0000,12.0000,12.0000,12.0000,12.0000,12.0000,12.0000,12.0000,4060,2016,Other,1012
36.0000,36.0000,36.0000,36.0000,36.0000,36.0000,36.0000,36.0000,36.0000,36.0000,36.0000,36.0000,36.0000,4021,2016,Other,1012
94.0000,94.0000,96.0000,98.0000,98.0000,99.0000,98.0000,98.0000,96.0000,94.0000,92.0000,89.0000,85.0000,4021,2017,Other,1025
12.0000,12.0000,12.0000,12.0000,12.0000,12.0000,12.0000,12.0000,12.0000,12.0000,12.0000,12.0000,12.0000,4003,2016,Other,1025
76.0000,76.0000,74.0000,72.0000,69.0000,67.0000,65.0000,62.0000,60.0000,58.0000,55.0000,53.0000,51.0000,4020,2017,Sub-contracted Labor,1025
44.0000,44.0000,44.0000,44.0000,44.0000,44.0000,44.0000,44.0000,44.0000,44.0000,44.0000,44.0000,44.0000,4021,2016,Other,1025
18.0000,18.0000,19.0000,21.0000,22.0000,23.0000,24.0000,25.0000,26.0000,27.0000,28.0000,29.0000,30.0000,4070,2017,Other,1025
14.0000,14.0000,14.0000,14.0000,14.0000,14.0000,14.0000,14.0000,14.0000,14.0000,14.0000,14.0000,14.0000,4001,2016,Other,1025
15.0000,15.0000,15.0000,15.0000,15.0000,15.0000,15.0000,15.0000,15.0000,15.0000,15.0000,15.0000,15.0000,4060,2016,Other,1025
22.0000,22.0000,26.0000,31.0000,35.0000,41.0000,46.0000,52.0000,58.0000,64.0000,71.0000,78.0000,85.0000,4022,2017,Other,1025
44.0000,44.0000,44.0000,44.0000,44.0000,44.0000,44.0000,44.0000,44.0000,44.0000,44.0000,44.0000,44.0000,4022,2016,Other,1025
4.0000,4.0000,4.0000,4.0000,4.0000,4.0000,4.0000,4.0000,4.0000,4.0000,4.0000,4.0000,4.0000,4003,2017,Other,1025
1438.0000,1438.0000,1432.0000,1426.0000,1420.0000,1414.0000,1408.0000,1402.0000,1396.0000,1390.0000,1384.0000,1378.0000,1372.0000,4000,2017,Other,1025
25.0000,25.0000,25.0000,25.0000,25.0000,25.0000,25.0000,25.0000,25.0000,25.0000,25.0000,25.0000,25.0000,4022,2016,Other,1027
8.0000,8.0000,8.0000,8.0000,8.0000,8.0000,8.0000,8.0000,8.0000,8.0000,8.0000,8.0000,8.0000,4060,2016,Other,1027
7.0000,7.0000,7.0000,7.0000,7.0000,7.0000,7.0000,7.0000,7.0000,7.0000,7.0000,7.0000,7.0000,4003,2016,Other,1027
25.0000,25.0000,25.0000,25.0000,25.0000,25.0000,25.0000,25.0000,25.0000,25.0000,25.0000,25.0000,25.0000,4021,2016,Other,1027
169.0000,169.0000,172.0000,175.0000,176.0000,177.0000,176.0000,175.0000,172.0000,169.0000,164.0000,159.0000,153.0000,4021,2017,Other,1032
137.0000,137.0000,133.0000,128.0000,124.0000,120.0000,116.0000,111.0000,107.0000,103.0000,99.0000,95.0000,90.0000,4020,2017,Sub-contracted Labor,1032
18.0000,18.0000,18.0000,18.0000,18.0000,18.0000,18.0000,18.0000,18.0000,18.0000,18.0000,18.0000,18.0000,4003,2016,Other,1032
84.0000,84.0000,84.0000,84.0000,84.0000,84.0000,84.0000,84.0000,84.0000,84.0000,84.0000,84.0000,84.0000,4021,2016,Other,1032
33.0000,33.0000,35.0000,37.0000,39.0000,41.0000,43.0000,45.0000,47.0000,48.0000,50.0000,52.0000,54.0000,4070,2017,Other,1032
21.0000,21.0000,21.0000,21.0000,21.0000,21.0000,21.0000,21.0000,21.0000,2.0000,21.0000,21.0000,21.0000,4001,2016,Other,1032
28.0000,28.0000,28.0000,28.0000,28.0000,28.0000,28.0000,28.0000,28.0000,28.0000,28.0000,28.0000,28.0000,4060,2016,Other,1032
84.0000,84.0000,84.0000,84.0000,84.0000,84.0000,84.0000,84.0000,84.0000,84.0000,84.0000,84.0000,84.0000,4022,2016,Other,1032
40.0000,40.0000,47.0000,55.0000,63.0000,73.0000,82.0000,93.0000,103.0000,115.0000,127.0000,139.0000,153.0000,4022,2017,Other,1032
6.0000,6.0000,6.0000,6.0000,6.0000,6.0000,6.0000,6.0000,6.0000,6.0000,6.0000,6.0000,6.0000,4003,2017,Other,1032
2574.0000,2574.0000,2563.0000,2552.0000,2541.0000,2530.0000,2520.0000,2509.0000,2498.0000,2487.0000,2477.0000,2466.0000,2455.0000,4000,2017,Other,1032
4170.0000,4170.0000,4153.0000,4135.0000,4118.0000,4100.0000,4083.0000,4066.0000,4048.0000,4031.0000,4013.0000,3996.0000,3978.0000,4000,2017,Other,1033
10.0000,10.0000,10.0000,10.0000,10.0000,10.0000,10.0000,10.0000,10.0000,10.0000,10.0000,10.0000,10.0000,4003,2017,Other,1033
64.0000,64.0000,76.0000,89.0000,103.0000,118.0000,133.0000,150.0000,168.0000,186.0000,206.0000,226.0000,245.0000,4022,2017,Other,1033
137.0000,137.0000,137.0000,137.0000,137.0000,137.0000,137.0000,137.0000,137.0000,137.0000,137.0000,137.0000,137.0000,4022,2016,Other,1033
46.0000,46.0000,46.0000,46.0000,46.0000,46.0000,46.0000,46.0000,46.0000,46.0000,46.0000,46.0000,46.0000,4060,2016,Other,1033
59.0000,59.0000,59.0000,59.0000,59.0000,59.0000,59.0000,59.0000,59.0000,59.0000,59.0000,59.0000,59.0000,4001,2016,Other,1033
53.0000,53.0000,56.0000,60.0000,63.0000,66.0000,69.0000,72.0000,75.0000,79.0000,82.0000,85.0000,88.0000,4070,2017,Other,1033
137.0000,137.0000,137.0000,137.0000,137.0000,137.0000,137.0000,137.0000,137.0000,137.0000,137.0000,137.0000,137.0000,4021,2016,Other,1033
51.0000,51.0000,51.0000,51.0000,51.0000,51.0000,51.0000,51.0000,51.0000,51.0000,51.0000,51.0000,51.0000,4003,2016,Other,1033
221.0000,221.0000,215.0000,208.0000,201.0000,194.0000,187.0000,181.0000,174.0000,167.0000,160.0000,153.0000,146.0000,4020,2017,Sub-contracted Labor,1033
274.0000,274.0000,279.0000,283.0000,286.0000,286.0000,286.0000,283.0000,279.0000,274.0000,266.0000,258.0000,247.0000,4021,2017,Other,1033
396.0000,396.0000,396.0000,396.0000,396.0000,396.0000,396.0000,396.0000,396.0000,396.0000,396.0000,396.0000,396.0000,4020,2016,Sub-contracted Labor,1033
71.0000,71.0000,72.0000,73.0000,74.0000,74.0000,74.0000,73.0000,72.0000,71.0000,69.0000,66.0000,64.0000,4021,2017,Other,1034
12.0000,12.0000,12.0000,12.0000,12.0000,12.0000,12.0000,12.0000,12.0000,12.0000,12.0000,12.0000,12.0000,4003,2016,Other,1034
57.0000,57.0000,55.0000,54.0000,52.0000,50.0000,48.0000,47.0000,45.0000,43.0000,41.0000,39.0000,38.0000,4020,2017,Sub-contracted Labor,1034
35.0000,35.0000,35.0000,35.0000,35.0000,35.0000,35.0000,35.0000,35.0000,35.0000,35.0000,35.0000,35.0000,4021,2016,Other,1034
14.0000,14.0000,14.0000,14.0000,14.0000,14.0000,14.0000,14.0000,14.0000,14.0000,14.0000,14.0000,14.0000,4001,2016,Other,1034
14.0000,14.0000,15.0000,15.0000,16.0000,17.0000,18.0000,19.0000,19.0000,20.0000,21.0000,22.0000,23.0000,4070,2017,Other,1034
12.0000,12.0000,12.0000,12.0000,12.0000,12.0000,12.0000,12.0000,12.0000,12.0000,12.0000,12.0000,12.0000,4060,2016,Other,1034
35.0000,35.0000,35.0000,35.0000,35.0000,35.0000,35.0000,35.0000,35.0000,35.0000,35.0000,35.0000,35.0000,4022,2016,Other,1034
17.0000,17.0000,20.0000,23.0000,26.0000,30.0000,34.0000,39.0000,43.0000,48.0000,53.0000,58.0000,64.0000,4022,2017,Other,1034
1074.0000,1074.0000,1070.0000,1065.0000,1061.0000,1057.0000,1052.0000,1048.0000,1043.0000,1039.0000,1034.0000,1030.0000,1025.0000,4000,2017,Other,1034
3.0000,3.0000,3.0000,3.0000,3.0000,3.0000,3.0000,3.0000,3.0000,3.0000,3.0000,3.0000,3.0000,4003,2017,Other,1034
79.0000,79.0000,79.0000,79.0000,79.0000,79.0000,79.0000,79.0000,79.0000,79.0000,79.0000,79.0000,79.0000,4022,2016,Other,1035
26.0000,26.0000,26.0000,26.0000,26.0000,26.0000,26.0000,26.0000,26.0000,26.0000,26.0000,26.0000,26.0000,4060,2016,Other,1035
21.0000,21.0000,21.0000,21.0000,21.0000,21.0000,21.0000,21.0000,21.0000,21.0000,21.0000,21.0000,21.0000,4003,2016,Other,1035
79.0000,79.0000,79.0000,79.0000,79.0000,79.0000,79.0000,79.0000,79.0000,79.0000,79.0000,79.0000,79.0000,4021,2016,Other,1035
99.0000,99.0000,95.0000,91.0000,86.0000,82.0000,78.0000,73.0000,69.0000,65.0000,60.0000,56.0000,52.0000,4021,2017,Other,1037
4.0000,4.0000,4.0000,4.0000,4.0000,4.0000,4.0000,4.0000,4.0000,4.0000,4.0000,4.0000,4.0000,4003,2016,Other,1037
36.0000,36.0000,35.0000,34.0000,33.0000,32.0000,31.0000,30.0000,29.0000,27.0000,26.0000,25.0000,24.0000,4020,2017,Sub-contracted Labor,1037
24.0000,24.0000,24.0000,24.0000,24.0000,24.0000,24.0000,24.0000,24.0000,24.0000,24.0000,24.0000,24.0000,4021,2016,Other,1037
19.0000,19.0000,19.0000,19.0000,19.0000,19.0000,19.0000,19.0000,19.0000,19.0000,18.0000,18.0000,18.0000,4070,2017,Other,1037
5.0000,5.0000,5.0000,5.0000,5.0000,5.0000,5.0000,5.0000,5.0000,5.0000,5.0000,5.0000,5.0000,4001,2016,Other,1037
8.0000,8.0000,8.0000,8.0000,8.0000,8.0000,8.0000,8.0000,8.0000,8.0000,8.0000,8.0000,8.0000,4060,2016,Other,1037
60.0000,60.0000,60.0000,60.0000,60.0000,60.0000,60.0000,60.0000,60.0000,60.0000,60.0000,60.0000,60.0000,4090,2016,Supplies,1037
24.0000,24.0000,24.0000,24.0000,24.0000,24.0000,24.0000,24.0000,24.0000,24.0000,24.0000,24.0000,24.0000,4022,2016,Other,1037
23.0000,23.0000,26.0000,28.0000,31.0000,34.0000,36.0000,39.0000,41.0000,44.0000,47.0000,49.0000,52.0000,4022,2017,Other,1037
60.0000,60.0000,60.0000,60.0000,60.0000,60.0000,60.0000,60.0000,60.0000,60.0000,60.0000,60.0000,60.0000,4090,2017,Supplies,1037
2.0000,2.0000,2.0000,2.0000,2.0000,2.0000,2.0000,2.0000,2.0000,2.0000,2.0000,2.0000,2.0000,4003,2017,Other,1037
685.0000,685.0000,682.0000,679.0000,676.0000,673.0000,670.0000,667.0000,665.0000,662.0000,659.0000,656.0000,653.0000,4000,2017,Other,1037
9.0000,9.0000,9.0000,9.0000,9.0000,9.0000,9.0000,9.0000,9.0000,9.0000,9.0000,9.0000,9.0000,4022,2016,Other,1038
3.0000,3.0000,3.0000,3.0000,3.0000,3.0000,3.0000,3.0000,3.0000,3.0000,3.0000,3.0000,3.0000,4060,2016,Other,1038
2.0000,2.0000,2.0000,2.0000,2.0000,2.0000,2.0000,2.0000,2.0000,2.0000,2.0000,2.0000,2.0000,4003,2016,Other,1038
9.0000,9.0000,9.0000,9.0000,9.0000,9.0000,9.0000,9.0000,9.0000,9.0000,9.0000,9.0000,9.0000,4021,2016,Other,1038
43.0000,43.0000,44.0000,44.0000,45.0000,45.0000,45.0000,44.0000,44.0000,43.0000,42.0000,40.0000,39.0000,4020,2017,Sub-contracted Labor,1041
2.0000,2.0000,2.0000,2.0000,2.0000,2.0000,2.0000,2.0000,2.0000,2.0000,2.0000,2.0000,2.0000,4003,2017,Other,1041
5.0000,5.0000,5.0000,5.0000,5.0000,5.0000,5.0000,5.0000,5.0000,5.0000,5.0000,5.0000,5.0000,4003,2016,Other,1041
20.0000,20.0000,20.0000,20.0000,20.0000,20.0000,20.0000,20.0000,20.0000,20.0000,20.0000,20.0000,20.0000,4021,2016,Other,1041
8.0000,8.0000,9.0000,9.0000,10.0000,10.0000,11.0000,12.0000,12.0000,12.0000,13.0000,13.0000,14.0000,4070,2017,Other,1041
6.0000,6.0000,6.0000,6.0000,6.0000,6.0000,6.0000,6.0000,6.0000,6.0000,6.0000,6.0000,6.0000,4001,2016,Other,1041
7.0000,7.0000,7.0000,7.0000,7.0000,7.0000,7.0000,7.0000,7.0000,7.0000,7.0000,7.0000,7.0000,4060,2016,Other,1041
20.0000,20.0000,20.0000,20.0000,20.0000,20.0000,20.0000,20.0000,20.0000,20.0000,20.0000,20.0000,20.0000,4022,2016,Other,1041
154.0000,154.0000,154.0000,154.0000,154.0000,154.0000,154.0000,154.0000,154.0000,154.0000,154.0000,154.0000,154.0000,4090,2017,Supplies,1041
10.0000,10.0000,12.0000,14.0000,16.0000,18.0000,21.0000,23.0000,26.0000,29.0000,32.0000,35.0000,39.0000,4022,2017,Other,1041
154.0000,154.0000,154.0000,154.0000,154.0000,154.0000,154.0000,154.0000,154.0000,154.0000,154.0000,154.0000,154.0000,4090,2016,Supplies,1041
650.0000,650.0000,647.0000,645.0000,642.0000,639.0000,637.0000,634.0000,631.0000,628.0000,626.0000,623.0000,620.0000,4000,2017,Other,1041
29.0000,29.0000,29.0000,29.0000,29.0000,29.0000,29.0000,29.0000,29.0000,29.0000,29.0000,29.0000,29.0000,4090,2016,Supplies,1045
139.0000,139.0000,155.0000,170.0000,186.0000,201.0000,217.0000,232.0000,248.0000,263.0000,279.0000,294.0000,310.0000,4022,2017,Other,1051
586.0000,586.0000,586.0000,586.0000,586.0000,586.0000,586.0000,586.0000,586.0000,586.0000,586.0000,586.0000,586.0000,4090,2017,Supplies,1051
73.0000,73.0000,73.0000,73.0000,73.0000,73.0000,73.0000,73.0000,73.0000,73.0000,73.0000,73.0000,73.0000,4022,2016,Other,1051
24.0000,24.0000,24.0000,24.0000,24.0000,24.0000,24.0000,24.0000,24.0000,24.0000,24.0000,24.0000,24.0000,4060,2016,Other,1051
586.0000,586.0000,586.0000,586.0000,586.0000,586.0000,586.0000,586.0000,586.0000,586.0000,586.0000,586.0000,586.0000,4090,2016,Supplies,1051
39.0000,39.0000,39.0000,39.0000,39.0000,39.0000,39.0000,39.0000,39.0000,39.0000,39.0000,39.0000,39.0000,4001,2016,Other,1051
115.0000,115.0000,114.0000,114.0000,113.0000,113.0000,113.0000,112.0000,112.0000,111.0000,111.0000,110.0000,110.0000,4070,2017,Other,1051
73.0000,73.0000,73.0000,73.0000,73.0000,73.0000,73.0000,73.0000,73.0000,73.0000,73.0000,73.0000,73.0000,4021,2016,Other,1051
34.0000,34.0000,34.0000,34.0000,34.0000,34.0000,34.0000,34.0000,34.0000,34.0000,34.0000,34.0000,34.0000,4003,2016,Other,1051
8.0000,8.0000,8.0000,8.0000,8.0000,8.0000,7.0000,7.0000,7.0000,7.0000,7.0000,7.0000,7.0000,4003,2017,Other,1051
162.0000,162.0000,157.0000,152.0000,147.0000,142.0000,137.0000,132.0000,127.0000,122.0000,117.0000,112.0000,107.0000,4020,2017,Sub-contracted Labor,1051
593.0000,593.0000,567.0000,542.0000,514.0000,490.0000,464.0000,438.0000,413.0000,387.0000,361.0000,335.0000,310.0000,4021,2017,Other,1051
211.0000,211.0000,211.0000,211.0000,211.0000,211.0000,211.0000,211.0000,211.0000,211.0000,211.0000,211.0000,211.0000,4020,2016,Sub-contracted Labor,1051
3056.0000,3056.0000,3043.0000,3031.0000,3018.0000,3005.0000,2992.0000,2979.0000,2967.0000,2954.0000,2941.0000,2928.0000,2916.0000,4000,2017,Other,1051
31.0000,31.0000,31.0000,31.0000,31.0000,31.0000,31.0000,31.0000,31.0000,31.0000,31.0000,31.0000,31.0000,4003,2016,Other,1053
121.0000,121.0000,121.0000,121.0000,121.0000,121.0000,121.0000,121.0000,121.0000,121.0000,121.0000,121.0000,121.0000,4021,2016,Other,1053
36.0000,36.0000,36.0000,36.0000,36.0000,36.0000,36.0000,36.0000,36.0000,36.0000,36.0000,36.0000,36.0000,4001,2016,Other,1053
33.0000,33.0000,33.0000,33.0000,33.0000,33.0000,33.0000,33.0000,33.0000,33.0000,33.0000,33.0000,33.0000,4090,2016,Supplies,1053
40.0000,40.0000,40.0000,40.0000,40.0000,40.0000,40.0000,40.0000,40.0000,40.0000,40.0000,40.0000,40.0000,4060,2016,Other,1053
121.0000,121.0000,121.0000,121.0000,121.0000,121.0000,121.0000,121.0000,121.0000,121.0000,121.0000,121.0000,121.0000,4022,2016,Other,1053
33.0000,33.0000,33.0000,33.0000,33.0000,33.0000,33.0000,33.0000,33.0000,33.0000,33.0000,33.0000,33.0000,4090,2017,Supplies,1053
136.0000,136.0000,136.0000,136.0000,136.0000,136.0000,136.0000,136.0000,136.0000,136.0000,136.0000,136.0000,136.0000,4090,2017,Supplies,1055
10.0000,10.0000,12.0000,14.0000,16.0000,18.0000,21.0000,23.0000,26.0000,29.0000,32.0000,35.0000,39.0000,4022,2017,Other,1055
20.0000,20.0000,20.0000,20.0000,20.0000,20.0000,20.0000,20.0000,20.0000,20.0000,20.0000,20.0000,20.0000,4022,2016,Other,1055
7.0000,7.0000,7.0000,7.0000,7.0000,7.0000,7.0000,7.0000,7.0000,7.0000,7.0000,7.0000,7.0000,4060,2016,Other,1055
136.0000,136.0000,136.0000,136.0000,136.0000,136.0000,136.0000,136.0000,136.0000,136.0000,136.0000,136.0000,136.0000,4090,2016,Supplies,1055
5.0000,5.0000,5.0000,5.0000,5.0000,5.0000,5.0000,5.0000,5.0000,5.0000,5.0000,5.0000,5.0000,4001,2016,Other,1055
8.0000,8.0000,9.0000,9.0000,10.0000,10.0000,11.0000,11.0000,12.0000,12.0000,13.0000,13.0000,14.0000,4070,2017,Other,1055
20.0000,20.0000,20.0000,20.0000,20.0000,20.0000,20.0000,20.0000,20.0000,20.0000,20.0000,20.0000,20.0000,4021,2016,Other,1055
4.0000,4.0000,4.0000,4.0000,4.0000,4.0000,4.0000,4.0000,4.0000,4.0000,4.0000,4.0000,4.0000,4003,2016,Other,1055
2.0000,2.0000,2.0000,2.0000,2.0000,2.0000,2.0000,2.0000,2.0000,2.0000,2.0000,2.0000,2.0000,4003,2017,Other,1055
43.0000,43.0000,43.0000,44.0000,44.0000,45.0000,44.0000,44.0000,43.0000,43.0000,41.0000,40.0000,39.0000,4021,2017,Other,1055
34.0000,34.0000,33.0000,32.0000,31.0000,30.0000,29.0000,28.0000,27.0000,26.0000,25.0000,24.0000,23.0000,4020,2017,Sub-contracted Labor,1055
649.0000,649.0000,646.0000,644.0000,641.0000,638.0000,635.0000,633.0000,630.0000,627.0000,625.0000,622.0000,619.0000,4000,2017,Other,1055
876.0000,876.0000,873.0000,869.0000,865.0000,862.0000,858.0000,854.0000,851.0000,847.0000,843.0000,840.0000,836.0000,4000,2017,Other,1056
47.0000,47.0000,45.0000,44.0000,42.0000,41.0000,39.0000,38.0000,37.0000,35.0000,34.0000,32.0000,31.0000,4020,2017,Sub-contracted Labor,1056
58.0000,58.0000,59.0000,60.0000,60.0000,60.0000,60.0000,60.0000,59.0000,58.0000,56.0000,54.0000,52.0000,4021,2017,Other,1056
78.0000,78.0000,78.0000,78.0000,78.0000,78.0000,78.0000,78.0000,78.0000,78.0000,78.0000,78.0000,78.0000,4020,2016,Sub-contracted Labor,1056
2.0000,2.0000,2.0000,2.0000,2.0000,2.0000,2.0000,2.0000,2.0000,2.0000,2.0000,2.0000,2.0000,4003,2017,Other,1056
6.0000,6.0000,6.0000,6.0000,6.0000,6.0000,6.0000,6.0000,6.0000,6.0000,6.0000,6.0000,6.0000,4003,2016,Other,1056
27.0000,27.0000,27.0000,27.0000,27.0000,27.0000,27.0000,27.0000,27.0000,27.0000,27.0000,27.0000,27.0000,4021,2016,Other,1056
11.0000,11.0000,12.0000,13.0000,13.0000,14.0000,15.0000,15.0000,16.0000,17.0000,17.0000,18.0000,18.0000,4070,2017,Other,1056
7.0000,7.0000,7.0000,7.0000,7.0000,7.0000,7.0000,7.0000,7.0000,7.0000,7.0000,7.0000,7.0000,4001,2016,Other,1056
9.0000,9.0000,9.0000,9.0000,9.0000,9.0000,9.0000,9.0000,9.0000,9.0000,9.0000,9.0000,9.0000,4060,2016,Other,1056
27.0000,27.0000,27.0000,27.0000,27.0000,27.0000,27.0000,27.0000,27.0000,27.0000,27.0000,27.0000,27.0000,4022,2016,Other,1056
14.0000,14.0000,16.0000,19.0000,22.0000,25.0000,28.0000,32.0000,35.0000,39.0000,43.0000,48.0000,52.0000,4022,2017,Other,1056
58.0000,58.0000,58.0000,58.0000,58.0000,58.0000,58.0000,58.0000,58.0000,58.0000,58.0000,58.0000,58.0000,4090,2017,Supplies,1056
58.0000,58.0000,58.0000,58.0000,58.0000,58.0000,58.0000,58.0000,58.0000,58.0000,58.0000,58.0000,58.0000,4090,2016,Supplies,1056
653.0000,653.0000,653.0000,653.0000,653.0000,653.0000,653.0000,653.0000,653.0000,653.0000,653.0000,653.0000,653.0000,4090,2017,Supplies,1057
46.0000,46.0000,55.0000,64.0000,74.0000,84.0000,95.0000,107.0000,120.0000,133.0000,147.0000,162.0000,177.0000,4022,2017,Other,1057
92.0000,92.0000,92.0000,92.0000,92.0000,92.0000,92.0000,92.0000,92.0000,92.0000,92.0000,92.0000,92.0000,4022,2016,Other,1057
31.0000,31.0000,436.0000,436.0000,436.0000,436.0000,436.0000,436.0000,436.0000,436.0000,436.0000,436.0000,436.0000,4060,2016,Other,1057
653.0000,653.0000,653.0000,653.0000,653.0000,653.0000,653.0000,653.0000,653.0000,653.0000,653.0000,653.0000,653.0000,4090,2016,Supplies,1057
38.0000,38.0000,38.0000,38.0000,38.0000,38.0000,38.0000,38.0000,38.0000,38.0000,38.0000,38.0000,38.0000,4001,2016,Other,1057
38.0000,38.0000,40.0000,43.0000,45.0000,47.0000,50.0000,52.0000,54.0000,56.0000,58.0000,61.0000,63.0000,4070,2017,Other,1057
92.0000,92.0000,92.0000,92.0000,92.0000,92.0000,92.0000,92.0000,92.0000,92.0000,92.0000,92.0000,92.0000,4021,2016,Other,1057
33.0000,33.0000,33.0000,33.0000,33.0000,33.0000,33.0000,33.0000,33.0000,33.0000,33.0000,33.0000,33.0000,4003,2016,Other,1057
7.0000,7.0000,7.0000,7.0000,7.0000,7.0000,7.0000,7.0000,7.0000,7.0000,7.0000,7.0000,7.0000,4003,2017,Other,1057
265.0000,265.0000,265.0000,265.0000,265.0000,265.0000,265.0000,265.0000,265.0000,266.0000,265.0000,265.0000,265.0000,4020,2016,Sub-contracted Labor,1057
196.0000,196.0000,200.0000,203.0000,204.0000,205.0000,204.0000,203.0000,200.0000,196.0000,191.0000,185.0000,177.0000,4021,2017,Other,1057
159.0000,159.0000,154.0000,149.0000,144.0000,139.0000,134.0000,129.0000,124.0000,120.0000,115.0000,110.0000,105.0000,4020,2017,Sub-contracted Labor,1057
2985.0000,2985.0000,2973.0000,2960.0000,2948.0000,2935.0000,2923.0000,2910.0000,2898.0000,2885.0000,2873.0000,2860.0000,2848.0000,4000,2017,Other,1057
10.0000,10.0000,9.0000,9.0000,9.0000,9.0000,9.0000,9.0000,9.0000,9.0000,9.0000,9.0000,9.0000,4003,2017,Other,1058
3809.0000,3809.0000,3793.0000,3777.0000,3761.0000,3745.0000,3729.0000,3713.0000,3697.0000,3681.0000,3665.0000,3649.0000,3633.0000,4000,2017,Other,1058
250.0000,250.0000,255.0000,259.0000,261.0000,262.0000,261.0000,259.0000,255.0000,250.0000,243.0000,235.0000,226.0000,4021,2017,Other,1058
202.0000,202.0000,196.0000,190.0000,184.0000,177.0000,171.0000,165.0000,159.0000,152.0000,146.0000,140.0000,134.0000,4020,2017,Sub-contracted Labor,1058
24.0000,24.0000,24.0000,24.0000,24.0000,24.0000,24.0000,24.0000,24.0000,24.0000,24.0000,24.0000,24.0000,4003,2016,Other,1058
117.0000,117.0000,117.0000,117.0000,117.0000,117.0000,117.0000,117.0000,117.0000,117.0000,117.0000,117.0000,117.0000,4021,2016,Other,1058
48.0000,48.0000,51.0000,54.0000,57.0000,60.0000,63.0000,66.0000,69.0000,72.0000,75.0000,77.0000,80.0000,4070,2017,Other,1058
28.0000,28.0000,28.0000,28.0000,28.0000,28.0000,28.0000,28.0000,28.0000,28.0000,28.0000,28.0000,28.0000,4001,2016,Other,1058
39.0000,39.0000,39.0000,39.0000,39.0000,39.0000,39.0000,39.0000,39.0000,39.0000,39.0000,39.0000,39.0000,4060,2016,Other,1058
117.0000,117.0000,117.0000,117.0000,117.0000,117.0000,117.0000,117.0000,117.0000,117.0000,117.0000,117.0000,117.0000,4022,2016,Other,1058
59.0000,59.0000,70.0000,81.0000,94.0000,107.0000,122.0000,137.0000,153.0000,170.0000,188.0000,206.0000,226.0000,4022,2017,Other,1058
205.0000,205.0000,205.0000,205.0000,205.0000,205.0000,205.0000,205.0000,205.0000,205.0000,205.0000,205.0000,205.0000,4090,2017,Supplies,1058
205.0000,205.0000,205.0000,205.0000,205.0000,205.0000,205.0000,205.0000,205.0000,205.0000,205.0000,205.0000,205.0000,4090,2016,Supplies,1058
85.0000,85.0000,85.0000,85.0000,85.0000,85.0000,85.0000,85.0000,85.0000,85.0000,85.0000,85.0000,85.0000,4090,2016,Supplies,1060
85.0000,85.0000,85.0000,85.0000,85.0000,85.0000,85.0000,85.0000,85.0000,85.0000,85.0000,85.0000,85.0000,4090,2017,Supplies,1060
21.0000,21.0000,23.0000,26.0000,28.0000,30.0000,33.0000,35.0000,39.0000,43.0000,47.0000,52.0000,57.0000,4022,2017,Other,1060
33.0000,33.0000,33.0000,33.0000,33.0000,33.0000,33.0000,33.0000,33.0000,33.0000,33.0000,33.0000,33.0000,4022,2016,Other,1060
11.0000,11.0000,11.0000,11.0000,11.0000,11.0000,11.0000,11.0000,11.0000,11.0000,11.0000,11.0000,11.0000,4060,2016,Other,1060
12.0000,12.0000,12.0000,12.0000,12.0000,12.0000,12.0000,12.0000,12.0000,12.0000,12.0000,12.0000,12.0000,4001,2016,Other,1060
17.0000,17.0000,17.0000,17.0000,17.0000,17.0000,17.0000,17.0000,17.0000,8.0000,19.0000,20.0000,20.0000,4070,2017,Other,1060
33.0000,33.0000,33.0000,33.0000,33.0000,33.0000,33.0000,33.0000,33.0000,33.0000,33.0000,33.0000,33.0000,4021,2016,Other,1060
10.0000,10.0000,10.0000,10.0000,10.0000,10.0000,10.0000,10.0000,10.0000,10.0000,10.0000,10.0000,10.0000,4003,2016,Other,1060
51.0000,51.0000,50.0000,58.0000,56.0000,45.0000,43.0000,42.0000,40.0000,39.0000,37.0000,35.0000,34.0000,4020,2017,Sub-contracted Labor,1060
90.0000,90.0000,96.0000,82.0000,78.0000,74.0000,70.0000,66.0000,64.0000,63.0000,62.0000,60.0000,57.0000,4021,2017,Other,1060
963.0000,963.0000,959.0000,955.0000,951.0000,947.0000,943.0000,939.0000,935.0000,931.0000,927.0000,923.0000,919.0000,4000,2017,Other,1060
2.0000,2.0000,2.0000,2.0000,2.0000,2.0000,2.0000,2.0000,2.0000,2.0000,2.0000,2.0000,2.0000,4003,2017,Other,1060
3.0000,3.0000,3.0000,3.0000,3.0000,3.0000,3.0000,3.0000,3.0000,3.0000,3.0000,3.0000,3.0000,4003,2017,Other,1061
1229.0000,1229.0000,1224.0000,1219.0000,1214.0000,1209.0000,1204.0000,1198.0000,1193.0000,1188.0000,1183.0000,1178.0000,1173.0000,4000,2017,Other,1061
232.0000,232.0000,222.0000,212.0000,202.0000,192.0000,182.0000,172.0000,162.0000,151.0000,141.0000,131.0000,121.0000,4021,2017,Other,1061
65.0000,65.0000,63.0000,61.0000,59.0000,57.0000,55.0000,53.0000,51.0000,49.0000,47.0000,48.0000,43.0000,4020,2017,Sub-contracted Labor,1061
6.0000,6.0000,6.0000,6.0000,6.0000,6.0000,6.0000,6.0000,6.0000,6.0000,6.0000,6.0000,6.0000,4003,2016,Other,1061
41.0000,41.0000,584.0000,584.0000,584.0000,584.0000,584.0000,584.0000,584.0000,584.0000,584.0000,584.0000,584.0000,4021,2016,Other,1061
45.0000,45.0000,45.0000,45.0000,44.0000,44.0000,44.0000,44.0000,44.0000,43.0000,43.0000,43.0000,43.0000,4070,2017,Other,1061
7.0000,7.0000,7.0000,7.0000,7.0000,7.0000,7.0000,7.0000,7.0000,7.0000,7.0000,7.0000,7.0000,4001,2016,Other,1061
14.0000,14.0000,14.0000,14.0000,14.0000,14.0000,14.0000,14.0000,14.0000,14.0000,14.0000,14.0000,14.0000,4060,2016,Other,1061
41.0000,41.0000,41.0000,41.0000,41.0000,41.0000,41.0000,41.0000,41.0000,41.0000,41.0000,41.0000,41.0000,4022,2016,Other,1061
55.0000,55.0000,61.0000,67.0000,73.0000,79.0000,85.0000,91.0000,97.0000,103.0000,109.0000,115.0000,121.0000,4022,2017,Other,1061
296.0000,296.0000,296.0000,296.0000,296.0000,296.0000,296.0000,296.0000,296.0000,296.0000,296.0000,296.0000,296.0000,4090,2017,Supplies,1061
296.0000,296.0000,296.0000,296.0000,296.0000,296.0000,296.0000,296.0000,296.0000,296.0000,296.0000,296.0000,296.0000,4090,2016,Supplies,1061
33.0000,33.0000,33.0000,33.0000,33.0000,33.0000,33.0000,33.0000,33.0000,33.0000,33.0000,33.0000,33.0000,4090,2016,Supplies,1062
36.0000,36.0000,36.0000,36.0000,36.0000,36.0000,36.0000,36.0000,36.0000,36.0000,36.0000,36.0000,36.0000,4090,2017,Supplies,1063
36.0000,36.0000,36.0000,36.0000,36.0000,36.0000,36.0000,36.0000,36.0000,36.0000,36.0000,36.0000,36.0000,4090,2016,Supplies,1063
7.0000,7.0000,7.0000,7.0000,7.0000,7.0000,7.0000,7.0000,7.0000,7.0000,7.0000,7.0000,7.0000,4060,2016,Other,1065
70.0000,70.0000,70.0000,70.0000,70.0000,70.0000,70.0000,70.0000,70.0000,70.0000,70.0000,70.0000,70.0000,4090,2016,Supplies,1065
70.0000,70.0000,70.0000,70.0000,70.0000,70.0000,70.0000,70.0000,70.0000,70.0000,70.0000,70.0000,70.0000,4090,2017,Supplies,1065
22.0000,22.0000,22.0000,22.0000,22.0000,22.0000,22.0000,22.0000,22.0000,22.0000,22.0000,22.0000,22.0000,4022,2016,Other,1065
22.0000,22.0000,22.0000,22.0000,22.0000,22.0000,22.0000,22.0000,22.0000,22.0000,22.0000,22.0000,22.0000,4021,2016,Other,1065
5.0000,5.0000,5.0000,5.0000,5.0000,5.0000,5.0000,5.0000,5.0000,5.0000,5.0000,5.0000,5.0000,4003,2016,Other,1065
100.0000,100.0000,100.0000,100.0000,100.0000,100.0000,100.0000,100.0000,100.0000,100.0000,100.0000,100.0000,100.0000,4003,2016,Other,1066
584.0000,584.0000,584.0000,584.0000,584.0000,584.0000,584.0000,584.0000,584.0000,584.0000,584.0000,584.0000,584.0000,4020,2016,Sub-contracted Labor,1066
202.0000,202.0000,202.0000,202.0000,202.0000,202.0000,202.0000,202.0000,202.0000,202.0000,202.0000,202.0000,202.0000,4021,2016,Other,1066
202.0000,202.0000,202.0000,202.0000,202.0000,202.0000,202.0000,202.0000,202.0000,202.0000,202.0000,202.0000,202.0000,4022,2016,Other,1066
1222.0000,1222.0000,1222.0000,1222.0000,1222.0000,1222.0000,1222.0000,1222.0000,1222.0000,1222.0000,1222.0000,1222.0000,1222.0000,4090,2017,Supplies,1066
1222.0000,1222.0000,1222.0000,1222.0000,1222.0000,1222.0000,1222.0000,1222.0000,1222.0000,1222.0000,1222.0000,1222.0000,1222.0000,4090,2016,Supplies,1066
67.0000,67.0000,67.0000,67.0000,67.0000,67.0000,67.0000,67.0000,67.0000,67.0000,67.0000,67.0000,67.0000,4060,2016,Other,1066
116.0000,116.0000,116.0000,116.0000,116.0000,116.0000,116.0000,116.0000,116.0000,116.0000,116.0000,116.0000,116.0000,4001,2016,Other,1066
3.0000,3.0000,3.0000,3.0000,3.0000,3.0000,3.0000,3.0000,3.0000,3.0000,3.0000,3.0000,3.0000,4001,2016,Other,1067
0.0000,0.0000,0.0000,0.0000,0.0000,0.0000,0.0000,0.0000,0.0000,0.0000,0.0000,0.0000,0.0000,4090,2016,Supplies,1067
3.0000,3.0000,3.0000,3.0000,3.0000,3.0000,3.0000,3.0000,3.0000,3.0000,3.0000,3.0000,3.0000,4003,2016,Other,1067
4.0000,4.0000,4.0000,4.0000,4.0000,4.0000,4.0000,4.0000,4.0000,4.0000,4.0000,4.0000,4.0000,4003,2016,Other,1068
19.0000,19.0000,19.0000,19.0000,19.0000,19.0000,19.0000,19.0000,19.0000,19.0000,19.0000,19.0000,19.0000,4021,2016,Other,1068
50.0000,50.0000,50.0000,50.0000,50.0000,50.0000,50.0000,50.0000,50.0000,50.0000,50.0000,50.0000,50.0000,4090,2016,Supplies,1068
50.0000,50.0000,50.0000,50.0000,50.0000,50.0000,50.0000,50.0000,50.0000,50.0000,50.0000,50.0000,50.0000,4090,2017,Supplies,1068
19.0000,19.0000,19.0000,19.0000,19.0000,19.0000,19.0000,19.0000,19.0000,19.0000,19.0000,19.0000,19.0000,4022,2016,Other,1068
6.0000,6.0000,6.0000,6.0000,6.0000,6.0000,6.0000,6.0000,6.0000,6.0000,6.0000,6.0000,6.0000,4060,2016,Other,1068
9.0000,9.0000,9.0000,9.0000,9.0000,9.0000,9.0000,9.0000,9.0000,9.0000,9.0000,9.0000,9.0000,4060,2016,Other,1069
50.0000,50.0000,50.0000,50.0000,50.0000,50.0000,50.0000,50.0000,50.0000,50.0000,50.0000,50.0000,50.0000,4090,2016,Supplies,1069
7.0000,7.0000,7.0000,7.0000,7.0000,7.0000,7.0000,7.0000,7.0000,7.0000,7.0000,7.0000,7.0000,4001,2016,Other,1069
11.0000,11.0000,12.0000,13.0000,13.0000,14.0000,15.0000,15.0000,16.0000,17.0000,17.0000,18.0000,19.0000,4070,2017,Other,1069
28.0000,28.0000,28.0000,28.0000,28.0000,28.0000,28.0000,28.0000,28.0000,28.0000,28.0000,28.0000,28.0000,4022,2016,Other,1069
50.0000,50.0000,50.0000,50.0000,50.0000,50.0000,50.0000,50.0000,50.0000,50.0000,50.0000,50.0000,50.0000,4090,2017,Supplies,1069
14.0000,14.0000,16.0000,19.0000,22.0000,25.0000,28.0000,32.0000,36.0000,40.0000,44.0000,48.0000,53.0000,4022,2017,Other,1069
28.0000,28.0000,28.0000,28.0000,28.0000,28.0000,28.0000,28.0000,28.0000,28.0000,28.0000,28.0000,28.0000,4021,2016,Other,1069
6.0000,6.0000,6.0000,6.0000,6.0000,6.0000,6.0000,6.0000,6.0000,6.0000,6.0000,6.0000,6.0000,4003,2016,Other,1069
47.0000,47.0000,46.0000,44.0000,43.0000,42.0000,40.0000,39.0000,37.0000,36.0000,34.0000,33.0000,31.0000,4020,2017,Sub-contracted Labor,1069
58.0000,58.0000,60.0000,61.0000,61.0000,61.0000,61.0000,61.0000,60.0000,58.0000,57.0000,55.0000,53.0000,4021,2017,Other,1069
891.0000,891.0000,887.0000,884.0000,880.0000,876.0000,872.0000,869.0000,865.0000,861.0000,858.0000,854.0000,850.0000,4000,2017,Other,1069
2.0000,2.0000,2.0000,2.0000,2.0000,2.0000,2.0000,2.0000,2.0000,2.0000,2.0000,2.0000,2.0000,4003,2017,Other,1069
1.0000,1.0000,1.0000,1.0000,1.0000,1.0000,1.0000,1.0000,1.0000,1.0000,1.0000,1.0000,1.0000,4003,2017,Other,1070
337.0000,337.0000,335.0000,334.0000,332.0000,331.0000,330.0000,328.0000,327.0000,325.0000,324.0000,323.0000,322.0000,4000,2017,Other,1070
22.0000,22.0000,23.0000,23.0000,23.0000,23.0000,23.0000,23.0000,23.0000,22.0000,22.0000,21.0000,20.0000,4021,2017,Other,1070
18.0000,18.0000,17.0000,17.0000,16.0000,16.0000,15.0000,15.0000,14.0000,13.0000,13.0000,12.0000,12.0000,4020,2017,Sub-contracted Labor,1070
3.0000,3.0000,3.0000,3.0000,3.0000,3.0000,3.0000,3.0000,3.0000,3.0000,3.0000,3.0000,3.0000,4003,2016,Other,1070
5.0000,5.0000,6.0000,7.0000,8.0000,9.0000,11.0000,12.0000,14.0000,15.0000,17.0000,18.0000,20.0000,4022,2017,Other,1070
40.0000,40.0000,40.0000,40.0000,40.0000,40.0000,40.0000,40.0000,40.0000,40.0000,40.0000,40.0000,40.0000,4090,2017,Supplies,1070
40.0000,40.0000,40.0000,40.0000,40.0000,40.0000,40.0000,40.0000,40.0000,40.0000,40.0000,40.0000,40.0000,4090,2016,Supplies,1070
11.0000,11.0000,11.0000,11.0000,11.0000,11.0000,11.0000,11.0000,11.0000,11.0000,11.0000,11.0000,11.0000,4022,2016,Other,1070
4.0000,4.0000,5.0000,5.0000,5.0000,5.0000,6.0000,6.0000,6.0000,6.0000,7.0000,7.0000,7.0000,4070,2017,Other,1070
4.0000,4.0000,4.0000,4.0000,4.0000,4.0000,4.0000,4.0000,4.0000,4.0000,4.0000,4.0000,4.0000,4060,2016,Other,1070
7.0000,7.0000,7.0000,7.0000,7.0000,7.0000,7.0000,7.0000,7.0000,7.0000,7.0000,7.0000,7.0000,4001,2016,Other,1071
11.0000,11.0000,11.0000,11.0000,11.0000,11.0000,11.0000,11.0000,11.0000,11.0000,11.0000,11.0000,11.0000,4060,2016,Other,1071
32.0000,32.0000,32.0000,32.0000,32.0000,32.0000,32.0000,32.0000,32.0000,32.0000,32.0000,32.0000,32.0000,4022,2016,Other,1071
138.0000,138.0000,138.0000,138.0000,138.0000,138.0000,138.0000,138.0000,138.0000,138.0000,138.0000,138.0000,138.0000,4090,2016,Supplies,1071
138.0000,138.0000,138.0000,138.0000,138.0000,138.0000,138.0000,138.0000,138.0000,138.0000,138.0000,138.0000,138.0000,4090,2017,Supplies,1071
6.0000,6.0000,6.0000,6.0000,6.0000,6.0000,6.0000,6.0000,6.0000,6.0000,6.0000,6.0000,6.0000,4003,2016,Other,1071
32.0000,32.0000,32.0000,32.0000,32.0000,32.0000,32.0000,32.0000,32.0000,32.0000,32.0000,32.0000,32.0000,4021,2016,Other,1071
7.0000,7.0000,7.0000,7.0000,7.0000,7.0000,7.0000,7.0000,7.0000,7.0000,7.0000,7.0000,7.0000,4021,2016,Other,1072
4.0000,4.0000,4.0000,4.0000,4.0000,4.0000,4.0000,4.0000,4.0000,4.0000,4.0000,4.0000,4.0000,4003,2016,Other,1072
97.0000,97.0000,97.0000,97.0000,97.0000,97.0000,97.0000,97.0000,97.0000,97.0000,97.0000,97.0000,97.0000,4090,2017,Supplies,1072
4.0000,4.0000,5.0000,5.0000,6.0000,6.0000,7.0000,7.0000,8.0000,9.0000,10.0000,11.0000,12.0000,4022,2017,Other,1072
97.0000,97.0000,97.0000,97.0000,97.0000,97.0000,97.0000,97.0000,97.0000,97.0000,97.0000,97.0000,97.0000,4090,2016,Supplies,1072
7.0000,7.0000,7.0000,7.0000,7.0000,7.0000,7.0000,7.0000,7.0000,7.0000,7.0000,7.0000,7.0000,4022,2016,Other,1072
2.0000,2.0000,2.0000,2.0000,2.0000,2.0000,2.0000,2.0000,2.0000,2.0000,2.0000,2.0000,2.0000,4060,2016,Other,1072
5.0000,5.0000,5.0000,5.0000,5.0000,5.0000,5.0000,5.0000,5.0000,5.0000,5.0000,5.0000,5.0000,4001,2016,Other,1072
3.0000,3.0000,3.0000,3.0000,3.0000,3.0000,3.0000,3.0000,4.0000,4.0000,4.0000,4.0000,4.0000,4070,2017,Other,1072
200.0000,200.0000,199.0000,198.0000,197.0000,197.0000,196.0000,195.0000,194.0000,193.0000,192.0000,192.0000,191.0000,4000,2017,Other,1072
1.0000,1.0000,1.0000,1.0000,1.0000,1.0000,1.0000,1.0000,1.0000,1.0000,1.0000,1.0000,1.0000,4003,2017,Other,1072
1.0000,1.0000,1.0000,1.0000,1.0000,1.0000,1.0000,1.0000,1.0000,1.0000,1.0000,1.0000,1.0000,4001,2016,Other,1073
2.0000,2.0000,2.0000,2.0000,2.0000,2.0000,2.0000,2.0000,2.0000,2.0000,2.0000,2.0000,2.0000,4060,2016,Other,1073
5.0000,5.0000,5.0000,5.0000,5.0000,5.0000,5.0000,5.0000,5.0000,5.0000,5.0000,5.0000,5.0000,4022,2016,Other,1073
20.0000,20.0000,20.0000,20.0000,20.0000,20.0000,20.0000,20.0000,20.0000,20.0000,20.0000,20.0000,20.0000,4090,2016,Supplies,1073
20.0000,20.0000,20.0000,20.0000,20.0000,20.0000,20.0000,20.0000,20.0000,20.0000,20.0000,20.0000,20.0000,4090,2017,Supplies,1073
5.0000,5.0000,5.0000,5.0000,5.0000,5.0000,5.0000,5.0000,5.0000,5.0000,5.0000,5.0000,5.0000,4021,2016,Other,1073
13.0000,13.0000,13.0000,13.0000,13.0000,13.0000,13.0000,13.0000,13.0000,13.0000,13.0000,13.0000,13.0000,4021,2016,Other,1074
3.0000,3.0000,3.0000,3.0000,3.0000,3.0000,3.0000,3.0000,3.0000,3.0000,3.0000,3.0000,3.0000,4003,2016,Other,1074
20.0000,20.0000,20.0000,20.0000,20.0000,20.0000,20.0000,20.0000,20.0000,20.0000,20.0000,20.0000,20.0000,4090,2017,Supplies,1074
20.0000,20.0000,20.0000,20.0000,20.0000,20.0000,20.0000,20.0000,20.0000,20.0000,20.0000,20.0000,20.0000,4090,2016,Supplies,1074
13.0000,13.0000,13.0000,13.0000,13.0000,13.0000,13.0000,13.0000,13.0000,13.0000,13.0000,13.0000,13.0000,4022,2016,Other,1074
4.0000,4.0000,4.0000,4.0000,4.0000,4.0000,4.0000,4.0000,4.0000,4.0000,4.0000,4.0000,4.0000,4060,2016,Other,1074
2.0000,2.0000,2.0000,2.0000,2.0000,2.0000,2.0000,2.0000,2.0000,2.0000,2.0000,2.0000,2.0000,4060,2016,Other,1075
25.0000,25.0000,25.0000,25.0000,25.0000,25.0000,25.0000,25.0000,25.0000,25.0000,25.0000,25.0000,25.0000,4090,2016,Supplies,1075
7.0000,7.0000,7.0000,7.0000,7.0000,7.0000,7.0000,7.0000,7.0000,7.0000,7.0000,7.0000,7.0000,4022,2016,Other,1075
25.0000,25.0000,25.0000,25.0000,25.0000,25.0000,25.0000,25.0000,25.0000,25.0000,25.0000,25.0000,25.0000,4090,2017,Supplies,1075
7.0000,7.0000,7.0000,7.0000,7.0000,7.0000,7.0000,7.0000,7.0000,7.0000,7.0000,7.0000,7.0000,4021,2016,Other,1075
4.0000,4.0000,4.0000,4.0000,4.0000,4.0000,4.0000,4.0000,4.0000,4.0000,4.0000,4.0000,4.0000,4003,2016,Other,1076
16.0000,16.0000,16.0000,16.0000,16.0000,16.0000,16.0000,16.0000,16.0000,16.0000,16.0000,16.0000,16.0000,4021,2016,Other,1076
16.0000,16.0000,16.0000,16.0000,16.0000,16.0000,16.0000,16.0000,16.0000,16.0000,16.0000,16.0000,16.0000,4022,2016,Other,1076
5.0000,5.0000,5.0000,5.0000,5.0000,5.0000,5.0000,5.0000,5.0000,5.0000,5.0000,5.0000,5.0000,4060,2016,Other,1076
75.0000,75.0000,75.0000,75.0000,75.0000,75.0000,75.0000,75.0000,75.0000,75.0000,75.0000,75.0000,75.0000,4090,2016,Supplies,1077
4.0000,4.0000,4.0000,4.0000,4.0000,4.0000,4.0000,4.0000,4.0000,4.0000,4.0000,4.0000,4.0000,4060,2016,Other,1077
13.0000,13.0000,13.0000,13.0000,13.0000,13.0000,13.0000,13.0000,13.0000,13.0000,13.0000,13.0000,13.0000,4022,2016,Other,1077
75.0000,75.0000,75.0000,75.0000,75.0000,75.0000,75.0000,75.0000,75.0000,75.0000,75.0000,75.0000,75.0000,4090,2017,Supplies,1077
3.0000,3.0000,3.0000,3.0000,3.0000,3.0000,3.0000,3.0000,3.0000,3.0000,3.0000,3.0000,3.0000,4003,2016,Other,1077
13.0000,13.0000,13.0000,13.0000,13.0000,13.0000,13.0000,13.0000,13.0000,13.0000,13.0000,13.0000,13.0000,4021,2016,Other,1077
10.0000,10.0000,10.0000,10.0000,10.0000,10.0000,10.0000,10.0000,10.0000,10.0000,10.0000,10.0000,10.0000,4003,2016,Other,1078
36.0000,36.0000,36.0000,36.0000,36.0000,36.0000,36.0000,36.0000,36.0000,36.0000,36.0000,36.0000,36.0000,4021,2016,Other,1078
36.0000,36.0000,36.0000,36.0000,36.0000,36.0000,36.0000,36.0000,36.0000,36.0000,36.0000,36.0000,36.0000,4022,2016,Other,1078
12.0000,12.0000,12.0000,12.0000,12.0000,12.0000,12.0000,12.0000,12.0000,12.0000,12.0000,12.0000,12.0000,4060,2016,Other,1078
163.0000,163.0000,163.0000,163.0000,163.0000,163.0000,163.0000,163.0000,163.0000,163.0000,163.0000,163.0000,163.0000,4020,2016,Sub-contracted Labor,2001
100.0000,100.0000,100.0000,100.0000,100.0000,100.0000,100.0000,100.0000,100.0000,100.0000,100.0000,100.0000,100.0000,4020,2016,Sub-contracted Labor,2003
82.0000,82.0000,82.0000,82.0000,82.0000,82.0000,82.0000,82.0000,82.0000,82.0000,82.0000,82.0000,82.0000,4021,2016,Other,2013
22.0000,22.0000,22.0000,22.0000,22.0000,22.0000,22.0000,22.0000,22.0000,22.0000,22.0000,22.0000,22.0000,4003,2016,Other,2013
27.0000,27.0000,27.0000,27.0000,27.0000,27.0000,27.0000,27.0000,27.0000,27.0000,27.0000,27.0000,27.0000,4060,2016,Other,2013
82.0000,82.0000,82.0000,82.0000,82.0000,82.0000,82.0000,82.0000,82.0000,82.0000,82.0000,82.0000,82.0000,4022,2016,Other,2013
16.0000,16.0000,16.0000,16.0000,16.0000,16.0000,16.0000,16.0000,16.0000,16.0000,16.0000,16.0000,16.0000,4022,2016,Other,2016
6.0000,6.0000,6.0000,6.0000,6.0000,6.0000,6.0000,6.0000,6.0000,6.0000,6.0000,6.0000,6.0000,4060,2016,Other,2016
4.0000,4.0000,4.0000,4.0000,4.0000,4.0000,4.0000,4.0000,4.0000,4.0000,4.0000,4.0000,4.0000,4003,2016,Other,2016
16.0000,16.0000,16.0000,16.0000,16.0000,16.0000,16.0000,16.0000,16.0000,16.0000,16.0000,16.0000,16.0000,4021,2016,Other,2016
405.0000,405.0000,405.0000,405.0000,405.0000,405.0000,405.0000,405.0000,405.0000,405.0000,405.0000,405.0000,405.0000,4003,2016,Other,3000
469.0000,469.0000,469.0000,469.0000,469.0000,469.0000,469.0000,469.0000,469.0000,469.0000,469.0000,469.0000,469.0000,4001,2016,Other,3000
696.0000,696.0000,696.0000,696.0000,696.0000,696.0000,696.0000,696.0000,696.0000,696.0000,696.0000,696.0000,696.0000,4001,2016,Other,3001
902.0000,902.0000,902.0000,902.0000,902.0000,902.0000,902.0000,902.0000,902.0000,902.0000,902.0000,902.0000,902.0000,4060,2016,Other,3001
2707.0000,2707.0000,2707.0000,2707.0000,2707.0000,2707.0000,2707.0000,2707.0000,2707.0000,2707.0000,2707.0000,2707.0000,2707.0000,4022,2016,Other,3001
28190.0000,28190.0000,28190.0000,28190.0000,28190.0000,28190.0000,28190.0000,28190.0000,28190.0000,28190.0000,28190.0000,28190.0000,28190.0000,4090,2016,Supplies,3001
601.0000,601.0000,601.0000,601.0000,601.0000,601.0000,601.0000,601.0000,601.0000,601.0000,601.0000,601.0000,601.0000,4003,2016,Other,3001
7845.0000,7845.0000,7845.0000,7845.0000,7845.0000,7845.0000,7845.0000,7845.0000,7845.0000,7845.0000,7845.0000,7845.0000,7845.0000,4020,2016,Sub-contracted Labor,3001
2707.0000,2707.0000,2707.0000,2707.0000,2707.0000,2707.0000,2707.0000,2707.0000,2707.0000,2707.0000,2707.0000,2707.0000,2707.0000,4021,2016,Other,3001
4302.0000,4302.0000,4302.0000,4302.0000,4302.0000,4302.0000,4302.0000,4302.0000,4302.0000,4302.0000,4302.0000,4302.0000,4302.0000,4020,2016,Sub-contracted Labor,3002
24.0000,24.0000,24.0000,24.0000,24.0000,24.0000,24.0000,24.0000,24.0000,24.0000,24.0000,24.0000,24.0000,4003,2016,Other,3003
103.0000,103.0000,103.0000,103.0000,103.0000,103.0000,103.0000,103.0000,103.0000,103.0000,103.0000,103.0000,103.0000,4021,2016,Other,3003
440.0000,440.0000,440.0000,440.0000,440.0000,440.0000,440.0000,440.0000,440.0000,440.0000,440.0000,440.0000,440.0000,4090,2016,Supplies,3003
103.0000,103.0000,103.0000,103.0000,103.0000,103.0000,103.0000,103.0000,103.0000,103.0000,103.0000,103.0000,103.0000,4022,2016,Other,3003
34.0000,34.0000,34.0000,34.0000,34.0000,34.0000,34.0000,34.0000,34.0000,34.0000,34.0000,34.0000,34.0000,4060,2016,Other,3003
28.0000,28.0000,28.0000,28.0000,28.0000,28.0000,28.0000,28.0000,28.0000,28.0000,28.0000,28.0000,28.0000,4001,2016,Other,3003
14.0000,14.0000,14.0000,14.0000,14.0000,14.0000,14.0000,14.0000,14.0000,14.0000,14.0000,14.0000,14.0000,4001,2015,Other,3004
12.0000,12.0000,12.0000,12.0000,12.0000,12.0000,12.0000,12.0000,12.0000,12.0000,12.0000,12.0000,12.0000,4003,2015,Other,3004
1.0000,1.0000,1.0000,1.0000,1.0000,1.0000,1.0000,1.0000,1.0000,1.0000,1.0000,1.0000,1.0000,4003,2016,Other,3005
6.0000,6.0000,6.0000,6.0000,6.0000,6.0000,6.0000,6.0000,6.0000,6.0000,6.0000,6.0000,6.0000,4021,2016,Other,3005
1.0000,1.0000,1.0000,1.0000,1.0000,1.0000,1.0000,1.0000,1.0000,1.0000,1.0000,1.0000,1.0000,4001,2016,Other,3005
2.0000,2.0000,2.0000,2.0000,2.0000,2.0000,2.0000,2.0000,2.0000,2.0000,2.0000,2.0000,2.0000,4060,2016,Other,3005
6.0000,6.0000,6.0000,6.0000,6.0000,6.0000,6.0000,6.0000,6.0000,6.0000,6.0000,6.0000,6.0000,4022,2016,Other,3005
25.0000,25.0000,25.0000,25.0000,25.0000,25.0000,25.0000,25.0000,25.0000,25.0000,25.0000,25.0000,25.0000,4090,2016,Supplies,3005
100.0000,100.0000,100.0000,100.0000,100.0000,100.0000,100.0000,100.0000,100.0000,100.0000,100.0000,100.0000,100.0000,4090,2016,Supplies,3006
21.0000,21.0000,21.0000,21.0000,21.0000,21.0000,21.0000,21.0000,21.0000,21.0000,21.0000,21.0000,21.0000,4022,2016,Other,3006
7.0000,7.0000,7.0000,7.0000,7.0000,7.0000,7.0000,7.0000,7.0000,7.0000,7.0000,7.0000,7.0000,4060,2016,Other,3006
21.0000,21.0000,21.0000,21.0000,21.0000,21.0000,21.0000,21.0000,21.0000,21.0000,21.0000,21.0000,21.0000,4021,2016,Other,3006
5.0000,5.0000,5.0000,5.0000,5.0000,5.0000,5.0000,5.0000,5.0000,5.0000,5.0000,5.0000,5.0000,4003,2016,Other,3006
51.0000,51.0000,50.0000,50.0000,50.0000,50.0000,50.0000,49.0000,49.0000,49.0000,49.0000,49.0000,48.0000,4003,2017,Other,3008
109.0000,109.0000,109.0000,109.0000,109.0000,109.0000,109.0000,109.0000,109.0000,109.0000,109.0000,109.0000,109.0000,4003,2016,Other,3008
1009.0000,1009.0000,1009.0000,1009.0000,1009.0000,1009.0000,1009.0000,1009.0000,1009.0000,1009.0000,1009.0000,1009.0000,1009.0000,4010,2016,Other,3008
1331.0000,1331.0000,1358.0000,1377.0000,1388.0000,1392.0000,1388.0000,1377.0000,1358.0000,1331.0000,1296.0000,1253.0000,1203.0000,4021,2017,Other,3008
1078.0000,1078.0000,1044.0000,1011.0000,978.0000,945.0000,911.0000,878.0000,845.0000,812.0000,779.0000,745.0000,712.0000,4020,2017,Sub-contracted Labor,3008
643.0000,643.0000,643.0000,643.0000,643.0000,643.0000,643.0000,643.0000,643.0000,643.0000,643.0000,643.0000,643.0000,4021,2016,Other,3008
214.0000,214.0000,214.0000,214.0000,214.0000,214.0000,214.0000,214.0000,214.0000,214.0000,214.0000,214.0000,214.0000,4060,2016,Other,3008
126.0000,126.0000,126.0000,126.0000,126.0000,126.0000,126.0000,126.0000,126.0000,126.0000,126.0000,126.0000,126.0000,4001,2016,Other,3008
258.0000,258.0000,274.0000,290.0000,305.0000,321.0000,336.0000,352.0000,367.0000,382.0000,397.0000,412.0000,426.0000,4070,2017,Other,3008
643.0000,643.0000,643.0000,643.0000,643.0000,643.0000,643.0000,643.0000,643.0000,643.0000,643.0000,643.0000,643.0000,4022,2016,Other,3008
312.0000,312.0000,370.0000,433.0000,500.0000,572.0000,648.0000,729.0000,815.0000,905.0000,1000.0000,1009.0000,1203.0000,4022,2017,Other,3008
20279.0000,20279.0000,20195.0000,20110.0000,20025.0000,19940.0000,19855.0000,19770.0000,19686.0000,19601.0000,19516.0000,19431.0000,19346.0000,4000,2017,Other,3008
520.0000,520.0000,520.0000,520.0000,520.0000,520.0000,520.0000,520.0000,520.0000,520.0000,520.0000,520.0000,520.0000,4022,2016,Other,3012
2452.0000,2452.0000,2452.0000,2452.0000,2452.0000,2452.0000,2452.0000,2452.0000,2452.0000,2452.0000,2452.0000,2452.0000,2452.0000,4090,2016,Supplies,3012
174.0000,174.0000,174.0000,174.0000,174.0000,174.0000,174.0000,174.0000,174.0000,174.0000,174.0000,174.0000,174.0000,4001,2016,Other,3012
173.0000,173.0000,173.0000,173.0000,173.0000,173.0000,173.0000,173.0000,173.0000,173.0000,173.0000,173.0000,173.0000,4060,2016,Other,3012
520.0000,520.0000,520.0000,520.0000,520.0000,520.0000,520.0000,520.0000,520.0000,520.0000,520.0000,520.0000,520.0000,4021,2016,Other,3012
150.0000,150.0000,150.0000,150.0000,150.0000,150.0000,150.0000,150.0000,150.0000,150.0000,150.0000,150.0000,150.0000,4003,2016,Other,3012
4.0000,4.0000,4.0000,4.0000,4.0000,4.0000,4.0000,4.0000,4.0000,4.0000,4.0000,4.0000,4.0000,4003,2016,Other,3013
17.0000,17.0000,17.0000,17.0000,17.0000,17.0000,17.0000,17.0000,17.0000,17.0000,17.0000,17.0000,17.0000,4021,2016,Other,3013
6.0000,6.0000,6.0000,6.0000,6.0000,6.0000,6.0000,6.0000,6.0000,6.0000,6.0000,6.0000,6.0000,4060,2016,Other,3013
17.0000,17.0000,17.0000,17.0000,17.0000,17.0000,17.0000,17.0000,17.0000,17.0000,17.0000,17.0000,17.0000,4022,2016,Other,3013
44.0000,44.0000,44.0000,44.0000,44.0000,44.0000,44.0000,44.0000,44.0000,44.0000,44.0000,44.0000,44.0000,4022,2016,Other,3015
254.0000,254.0000,254.0000,254.0000,254.0000,254.0000,254.0000,254.0000,254.0000,254.0000,254.0000,254.0000,254.0000,4090,2016,Supplies,3015
14.0000,14.0000,14.0000,14.0000,14.0000,14.0000,14.0000,14.0000,14.0000,14.0000,14.0000,14.0000,14.0000,4001,2016,Other,3015
15.0000,15.0000,15.0000,15.0000,15.0000,15.0000,15.0000,15.0000,15.0000,15.0000,15.0000,15.0000,15.0000,4060,2016,Other,3015
12.0000,12.0000,12.0000,12.0000,12.0000,12.0000,12.0000,12.0000,12.0000,12.0000,12.0000,12.0000,12.0000,4003,2016,Other,3015
44.0000,44.0000,44.0000,44.0000,44.0000,44.0000,44.0000,44.0000,44.0000,44.0000,44.0000,44.0000,44.0000,4021,2016,Other,3015
282.0000,282.0000,282.0000,282.0000,282.0000,282.0000,282.0000,282.0000,282.0000,282.0000,282.0000,282.0000,282.0000,4021,2016,Other,3016
80.0000,80.0000,80.0000,80.0000,80.0000,80.0000,80.0000,80.0000,80.0000,80.0000,80.0000,80.0000,80.0000,4003,2016,Other,3016
94.0000,94.0000,94.0000,94.0000,94.0000,94.0000,94.0000,94.0000,94.0000,94.0000,94.0000,94.0000,94.0000,4060,2016,Other,3016
93.0000,93.0000,93.0000,93.0000,93.0000,93.0000,93.0000,93.0000,93.0000,93.0000,93.0000,93.0000,93.0000,4001,2016,Other,3016
1790.0000,1790.0000,1790.0000,1790.0000,1790.0000,1790.0000,1790.0000,1790.0000,1790.0000,1790.0000,1790.0000,1790.0000,1790.0000,4090,2016,Supplies,3016
282.0000,282.0000,282.0000,282.0000,282.0000,282.0000,282.0000,282.0000,282.0000,282.0000,282.0000,282.0000,282.0000,4022,2016,Other,3016
32.0000,32.0000,32.0000,32.0000,32.0000,32.0000,32.0000,32.0000,32.0000,32.0000,32.0000,32.0000,32.0000,4022,2016,Other,3017
373.0000,373.0000,373.0000,373.0000,373.0000,373.0000,373.0000,373.0000,373.0000,373.0000,373.0000,373.0000,373.0000,4090,2016,Supplies,3017
14.0000,14.0000,14.0000,14.0000,14.0000,14.0000,14.0000,14.0000,14.0000,14.0000,14.0000,14.0000,14.0000,4001,2016,Other,3017
12.0000,12.0000,12.0000,12.0000,12.0000,12.0000,12.0000,12.0000,12.0000,12.0000,12.0000,12.0000,12.0000,4060,2016,Other,3017
12.0000,12.0000,12.0000,12.0000,12.0000,12.0000,12.0000,12.0000,12.0000,12.0000,12.0000,12.0000,12.0000,4003,2016,Other,3017
32.0000,32.0000,32.0000,32.0000,32.0000,32.0000,32.0000,32.0000,32.0000,32.0000,32.0000,32.0000,32.0000,4021,2016,Other,3017
32.0000,32.0000,32.0000,32.0000,32.0000,32.0000,32.0000,32.0000,32.0000,32.0000,32.0000,32.0000,32.0000,4090,2016,Supplies,3020
300.0000,300.0000,300.0000,300.0000,300.0000,300.0000,300.0000,300.0000,300.0000,300.0000,300.0000,300.0000,300.0000,4090,2016,Supplies,3022
22.0000,22.0000,22.0000,22.0000,22.0000,22.0000,22.0000,22.0000,22.0000,22.0000,22.0000,22.0000,22.0000,4022,2016,Other,3022
7.0000,7.0000,7.0000,7.0000,7.0000,7.0000,7.0000,7.0000,7.0000,7.0000,7.0000,7.0000,7.0000,4060,2016,Other,3022
300.0000,300.0000,300.0000,300.0000,300.0000,300.0000,300.0000,300.0000,300.0000,300.0000,300.0000,300.0000,300.0000,4090,2017,Supplies,3022
9.0000,9.0000,9.0000,9.0000,9.0000,9.0000,9.0000,9.0000,9.0000,9.0000,9.0000,9.0000,9.0000,4001,2016,Other,3022
22.0000,22.0000,22.0000,22.0000,22.0000,22.0000,22.0000,22.0000,22.0000,22.0000,22.0000,22.0000,22.0000,4021,2016,Other,3022
8.0000,8.0000,8.0000,8.0000,8.0000,8.0000,8.0000,8.0000,8.0000,8.0000,8.0000,8.0000,8.0000,4003,2016,Other,3022
1610.0000,1610.0000,1610.0000,1610.0000,1610.0000,1610.0000,1610.0000,1610.0000,1610.0000,1610.0000,1610.0000,1610.0000,1610.0000,4020,2016,Sub-contracted Labor,3024
3354.0000,3354.0000,3354.0000,3354.0000,3354.0000,3354.0000,3354.0000,3354.0000,3354.0000,3354.0000,3354.0000,3354.0000,3354.0000,4090,2016,Supplies,3024
1800.0000,1800.0000,1800.0000,1800.0000,1800.0000,1800.0000,1800.0000,1800.0000,1800.0000,1800.0000,1800.0000,1800.0000,1800.0000,4090,2016,Supplies,3025
1069.0000,1069.0000,1069.0000,1069.0000,1069.0000,1069.0000,1069.0000,1069.0000,1069.0000,1069.0000,1069.0000,1069.0000,1069.0000,4022,2016,Other,3025
167.0000,167.0000,167.0000,167.0000,167.0000,167.0000,167.0000,167.0000,167.0000,167.0000,167.0000,167.0000,167.0000,4001,2016,Other,3025
356.0000,356.0000,356.0000,356.0000,356.0000,356.0000,356.0000,356.0000,356.0000,356.0000,356.0000,356.0000,356.0000,4060,2016,Other,3025
144.0000,144.0000,144.0000,144.0000,144.0000,144.0000,144.0000,144.0000,144.0000,144.0000,144.0000,144.0000,144.0000,4003,2016,Other,3025
1069.0000,1069.0000,1069.0000,1069.0000,1069.0000,1069.0000,1069.0000,1069.0000,1069.0000,1069.0000,1069.0000,1069.0000,1069.0000,4021,2016,Other,3025
550.0000,550.0000,550.0000,550.0000,550.0000,550.0000,550.0000,550.0000,550.0000,550.0000,550.0000,550.0000,550.0000,4021,2016,Other,3027
146.0000,146.0000,146.0000,146.0000,146.0000,146.0000,146.0000,146.0000,146.0000,146.0000,146.0000,146.0000,146.0000,4003,2016,Other,3027
37.0000,37.0000,37.0000,37.0000,37.0000,37.0000,37.0000,37.0000,37.0000,37.0000,37.0000,37.0000,37.0000,4004,2016,Other,3027
183.0000,183.0000,183.0000,183.0000,183.0000,183.0000,183.0000,183.0000,183.0000,183.0000,183.0000,183.0000,183.0000,4060,2016,Other,3027
169.0000,169.0000,169.0000,169.0000,169.0000,169.0000,169.0000,169.0000,169.0000,169.0000,169.0000,169.0000,169.0000,4001,2016,Other,3027
550.0000,550.0000,550.0000,550.0000,550.0000,550.0000,550.0000,550.0000,550.0000,550.0000,550.0000,550.0000,550.0000,4022,2016,Other,3027
3344.0000,3344.0000,3344.0000,3344.0000,3344.0000,3344.0000,3344.0000,3344.0000,3344.0000,3344.0000,3344.0000,3344.0000,3344.0000,4090,2016,Supplies,3027
3344.0000,3344.0000,3344.0000,3344.0000,3344.0000,3344.0000,3344.0000,3344.0000,3344.0000,3344.0000,3344.0000,3344.0000,3344.0000,4090,2017,Supplies,3027
7319.0000,7319.0000,7319.0000,7319.0000,7319.0000,7319.0000,7319.0000,7319.0000,7319.0000,7319.0000,7319.0000,7319.0000,7319.0000,4020,2016,Sub-contracted Labor,3028
45.0000,45.0000,45.0000,45.0000,45.0000,45.0000,45.0000,45.0000,45.0000,45.0000,45.0000,45.0000,45.0000,4003,2016,Other,3029
33.0000,33.0000,33.0000,33.0000,33.0000,33.0000,33.0000,33.0000,33.0000,33.0000,33.0000,33.0000,33.0000,4021,2016,Other,3029
33.0000,33.0000,33.0000,33.0000,33.0000,33.0000,33.0000,33.0000,33.0000,33.0000,33.0000,33.0000,33.0000,4022,2016,Other,3029
52.0000,52.0000,52.0000,52.0000,52.0000,52.0000,52.0000,52.0000,52.0000,52.0000,52.0000,52.0000,52.0000,4001,2016,Other,3029
11.0000,11.0000,11.0000,11.0000,11.0000,11.0000,11.0000,11.0000,11.0000,11.0000,11.0000,11.0000,11.0000,4060,2016,Other,3029
318.0000,318.0000,318.0000,318.0000,318.0000,318.0000,318.0000,318.0000,318.0000,318.0000,318.0000,318.0000,318.0000,4090,2016,Supplies,3029
700.0000,700.0000,700.0000,700.0000,700.0000,700.0000,700.0000,700.0000,700.0000,700.0000,700.0000,700.0000,700.0000,4090,2016,Supplies,3030
84.0000,84.0000,84.0000,84.0000,84.0000,84.0000,84.0000,84.0000,84.0000,84.0000,84.0000,84.0000,84.0000,4022,2016,Other,3031
28.0000,28.0000,28.0000,28.0000,28.0000,28.0000,28.0000,28.0000,28.0000,28.0000,28.0000,28.0000,28.0000,4060,2016,Other,3031
27.0000,27.0000,27.0000,27.0000,27.0000,27.0000,27.0000,27.0000,27.0000,27.0000,27.0000,27.0000,27.0000,4001,2016,Other,3031
84.0000,84.0000,84.0000,84.0000,84.0000,84.0000,84.0000,84.0000,84.0000,84.0000,84.0000,84.0000,84.0000,4021,2016,Other,3031
23.0000,23.0000,23.0000,23.0000,23.0000,23.0000,23.0000,23.0000,23.0000,23.0000,23.0000,23.0000,23.0000,4003,2016,Other,3031
66.0000,66.0000,66.0000,66.0000,66.0000,66.0000,66.0000,66.0000,66.0000,66.0000,66.0000,66.0000,66.0000,4003,2016,Other,3033
306.0000,306.0000,306.0000,306.0000,306.0000,306.0000,306.0000,306.0000,306.0000,306.0000,306.0000,306.0000,306.0000,4021,2016,Other,3033
76.0000,76.0000,76.0000,76.0000,76.0000,76.0000,76.0000,76.0000,76.0000,76.0000,76.0000,76.0000,76.0000,4001,2016,Other,3033
102.0000,102.0000,102.0000,102.0000,102.0000,102.0000,102.0000,102.0000,102.0000,102.0000,102.0000,102.0000,102.0000,4060,2016,Other,3033
306.0000,306.0000,306.0000,306.0000,306.0000,306.0000,306.0000,306.0000,306.0000,306.0000,306.0000,306.0000,306.0000,4022,2016,Other,3033
297.0000,297.0000,297.0000,297.0000,297.0000,297.0000,297.0000,297.0000,297.0000,297.0000,297.0000,297.0000,297.0000,4090,2016,Supplies,3033
297.0000,297.0000,297.0000,297.0000,297.0000,297.0000,297.0000,297.0000,297.0000,297.0000,297.0000,297.0000,297.0000,4090,2017,Supplies,3033
35.0000,35.0000,35.0000,35.0000,35.0000,35.0000,35.0000,35.0000,35.0000,35.0000,35.0000,35.0000,35.0000,4090,2017,Supplies,3034
35.0000,35.0000,35.0000,35.0000,35.0000,35.0000,35.0000,35.0000,35.0000,35.0000,35.0000,35.0000,35.0000,4090,2016,Supplies,3034
34.0000,34.0000,34.0000,34.0000,34.0000,34.0000,34.0000,34.0000,34.0000,34.0000,34.0000,34.0000,34.0000,4022,2016,Other,3034
11.0000,11.0000,11.0000,11.0000,11.0000,11.0000,11.0000,11.0000,11.0000,11.0000,11.0000,11.0000,11.0000,4060,2016,Other,3034
10.0000,10.0000,10.0000,10.0000,10.0000,10.0000,10.0000,10.0000,10.0000,10.0000,10.0000,10.0000,10.0000,4001,2016,Other,3034
34.0000,34.0000,34.0000,34.0000,34.0000,34.0000,34.0000,34.0000,34.0000,34.0000,34.0000,34.0000,34.0000,4021,2016,Other,3034
8.0000,8.0000,8.0000,8.0000,8.0000,8.0000,8.0000,8.0000,8.0000,8.0000,8.0000,8.0000,8.0000,4003,2016,Other,3034
97.0000,97.0000,97.0000,97.0000,97.0000,97.0000,97.0000,97.0000,97.0000,97.0000,97.0000,97.0000,97.0000,4020,2016,Sub-contracted Labor,3034
4.0000,4.0000,4.0000,4.0000,4.0000,4.0000,4.0000,4.0000,4.0000,4.0000,4.0000,4.0000,4.0000,4003,2016,Other,3036
19.0000,19.0000,19.0000,19.0000,19.0000,19.0000,19.0000,19.0000,19.0000,19.0000,19.0000,19.0000,19.0000,4021,2016,Other,3036
5.0000,5.0000,5.0000,5.0000,5.0000,5.0000,5.0000,5.0000,5.0000,5.0000,5.0000,5.0000,5.0000,4001,2016,Other,3036
6.0000,6.0000,6.0000,6.0000,6.0000,6.0000,6.0000,6.0000,6.0000,6.0000,6.0000,6.0000,6.0000,4060,2016,Other,3036
19.0000,19.0000,19.0000,19.0000,19.0000,19.0000,19.0000,19.0000,19.0000,19.0000,19.0000,19.0000,19.0000,4022,2016,Other,3036
13.0000,13.0000,13.0000,13.0000,13.0000,13.0000,13.0000,13.0000,13.0000,13.0000,13.0000,13.0000,13.0000,4090,2016,Supplies,3036
1750.0000,1750.0000,1750.0000,1750.0000,1750.0000,1750.0000,1750.0000,1750.0000,1750.0000,1750.0000,1750.0000,1750.0000,1750.0000,4090,2016,Supplies,3037
1750.0000,1750.0000,1750.0000,1750.0000,1750.0000,1750.0000,1750.0000,1750.0000,1750.0000,1750.0000,1750.0000,1750.0000,1750.0000,4090,2017,Supplies,3037
379.0000,379.0000,379.0000,379.0000,379.0000,379.0000,379.0000,379.0000,379.0000,379.0000,379.0000,379.0000,379.0000,4022,2016,Other,3037
126.0000,126.0000,126.0000,126.0000,126.0000,126.0000,126.0000,126.0000,126.0000,126.0000,126.0000,126.0000,126.0000,4060,2016,Other,3037
128.0000,128.0000,128.0000,128.0000,128.0000,128.0000,128.0000,128.0000,128.0000,128.0000,128.0000,128.0000,128.0000,4001,2016,Other,3037
379.0000,379.0000,379.0000,379.0000,379.0000,379.0000,379.0000,379.0000,379.0000,379.0000,379.0000,379.0000,379.0000,4021,2016,Other,3037
110.0000,110.0000,110.0000,110.0000,110.0000,110.0000,110.0000,110.0000,110.0000,110.0000,110.0000,110.0000,110.0000,4003,2016,Other,3037
80.0000,80.0000,80.0000,80.0000,80.0000,80.0000,80.0000,80.0000,80.0000,80.0000,80.0000,80.0000,80.0000,4003,2018,Other,3038
260.0000,260.0000,260.0000,260.0000,260.0000,260.0000,260.0000,260.0000,260.0000,260.0000,260.0000,260.0000,260.0000,4021,2018,Other,3038
93.0000,93.0000,93.0000,93.0000,93.0000,93.0000,93.0000,93.0000,93.0000,93.0000,93.0000,93.0000,93.0000,4001,2018,Other,3038
87.0000,87.0000,87.0000,87.0000,87.0000,87.0000,87.0000,87.0000,87.0000,87.0000,87.0000,87.0000,87.0000,4060,2018,Other,3038
260.0000,260.0000,260.0000,260.0000,260.0000,260.0000,260.0000,260.0000,260.0000,260.0000,260.0000,260.0000,260.0000,4022,2018,Other,3038
649.0000,649.0000,649.0000,649.0000,649.0000,649.0000,649.0000,649.0000,649.0000,649.0000,649.0000,649.0000,649.0000,4090,2018,Supplies,3038
40.0000,40.0000,40.0000,40.0000,40.0000,40.0000,40.0000,40.0000,40.0000,40.0000,40.0000,40.0000,40.0000,4090,2016,Supplies,3039
25.0000,25.0000,25.0000,25.0000,25.0000,25.0000,25.0000,25.0000,25.0000,25.0000,25.0000,25.0000,25.0000,4022,2016,Other,3039
40.0000,40.0000,40.0000,40.0000,40.0000,40.0000,40.0000,40.0000,40.0000,40.0000,40.0000,40.0000,40.0000,4090,2017,Supplies,3039
8.0000,8.0000,8.0000,8.0000,8.0000,8.0000,8.0000,8.0000,8.0000,8.0000,8.0000,8.0000,8.0000,4060,2016,Other,3039
9.0000,9.0000,9.0000,9.0000,9.0000,9.0000,9.0000,9.0000,9.0000,9.0000,9.0000,9.0000,9.0000,4001,2016,Other,3039
25.0000,25.0000,25.0000,25.0000,25.0000,25.0000,25.0000,25.0000,25.0000,25.0000,25.0000,25.0000,25.0000,4021,2016,Other,3039
8.0000,8.0000,8.0000,8.0000,8.0000,8.0000,8.0000,8.0000,8.0000,8.0000,8.0000,8.0000,8.0000,4003,2016,Other,3039
72.0000,72.0000,72.0000,72.0000,72.0000,72.0000,72.0000,72.0000,72.0000,72.0000,72.0000,72.0000,72.0000,4003,2016,Other,3040
20.0000,20.0000,20.0000,20.0000,20.0000,20.0000,20.0000,20.0000,20.0000,20.0000,20.0000,20.0000,20.0000,4003,2017,Other,3040
537.0000,537.0000,548.0000,556.0000,561.0000,562.0000,561.0000,556.0000,548.0000,537.0000,523.0000,506.0000,486.0000,4021,2017,Other,3040
435.0000,435.0000,422.0000,408.0000,395.0000,382.0000,368.0000,355.0000,341.0000,328.0000,314.0000,301.0000,288.0000,4020,2017,Sub-contracted Labor,3040
251.0000,251.0000,251.0000,251.0000,251.0000,251.0000,251.0000,251.0000,251.0000,251.0000,251.0000,251.0000,251.0000,4021,2016,Other,3040
104.0000,104.0000,111.0000,117.0000,123.0000,130.0000,136.0000,142.0000,148.0000,154.0000,160.0000,166.0000,172.0000,4070,2017,Other,3040
83.0000,83.0000,83.0000,83.0000,83.0000,83.0000,83.0000,83.0000,83.0000,83.0000,83.0000,83.0000,83.0000,4001,2016,Other,3040
266.0000,266.0000,266.0000,266.0000,266.0000,266.0000,266.0000,266.0000,266.0000,266.0000,266.0000,266.0000,266.0000,4090,2017,Supplies,3040
84.0000,84.0000,84.0000,84.0000,84.0000,84.0000,84.0000,84.0000,84.0000,84.0000,84.0000,84.0000,84.0000,4060,2016,Other,3040
251.0000,251.0000,251.0000,251.0000,251.0000,251.0000,251.0000,251.0000,251.0000,251.0000,251.0000,251.0000,251.0000,4022,2016,Other,3040
266.0000,266.0000,266.0000,266.0000,266.0000,266.0000,266.0000,266.0000,266.0000,266.0000,266.0000,266.0000,266.0000,4090,2016,Supplies,3040
126.0000,126.0000,150.0000,175.0000,202.0000,231.0000,532.0000,294.0000,329.0000,365.0000,404.0000,444.0000,486.0000,4022,2017,Other,3040
8190.0000,8190.0000,8156.0000,8122.0000,8087.0000,8053.0000,8019.0000,7984.0000,7950.0000,7916.0000,7882.0000,7847.0000,7813.0000,4000,2017,Other,3040
712.0000,712.0000,712.0000,712.0000,712.0000,712.0000,712.0000,712.0000,712.0000,712.0000,712.0000,712.0000,712.0000,4090,2016,Supplies,3042
101.0000,101.0000,101.0000,101.0000,101.0000,101.0000,101.0000,101.0000,101.0000,101.0000,101.0000,101.0000,101.0000,4022,2016,Other,3042
34.0000,34.0000,34.0000,34.0000,34.0000,34.0000,34.0000,34.0000,34.0000,34.0000,34.0000,34.0000,34.0000,4060,2016,Other,3042
712.0000,712.0000,712.0000,712.0000,712.0000,712.0000,712.0000,712.0000,712.0000,712.0000,712.0000,712.0000,712.0000,4090,2017,Supplies,3042
32.0000,32.0000,32.0000,32.0000,32.0000,32.0000,32.0000,32.0000,32.0000,32.0000,32.0000,32.0000,32.0000,4001,2016,Other,3042
101.0000,101.0000,101.0000,101.0000,101.0000,101.0000,101.0000,101.0000,101.0000,101.0000,101.0000,101.0000,101.0000,4021,2016,Other,3042
205.0000,205.0000,205.0000,205.0000,205.0000,205.0000,205.0000,205.0000,205.0000,205.0000,205.0000,205.0000,205.0000,4020,2016,Sub-contracted Labor,3042
28.0000,28.0000,28.0000,28.0000,28.0000,28.0000,28.0000,28.0000,28.0000,28.0000,28.0000,28.0000,28.0000,4003,2016,Other,3042
43.0000,43.0000,43.0000,43.0000,43.0000,43.0000,43.0000,43.0000,43.0000,43.0000,43.0000,43.0000,43.0000,4090,2016,Supplies,3043
8158.0000,8158.0000,8158.0000,8158.0000,8158.0000,8158.0000,8158.0000,8158.0000,8158.0000,8158.0000,8158.0000,8158.0000,8158.0000,4090,2016,Supplies,3045
1166.0000,1166.0000,1166.0000,1166.0000,1166.0000,1166.0000,1166.0000,1166.0000,1166.0000,1166.0000,1166.0000,1166.0000,1166.0000,4022,2016,Other,3045
778.0000,778.0000,864.0000,951.0000,1037.0000,1124.0000,1210.0000,1297.0000,1383.0000,1527.0000,1687.0000,1855.0000,2031.0000,4022,2017,Other,3045
388.0000,388.0000,388.0000,388.0000,388.0000,388.0000,388.0000,388.0000,388.0000,388.0000,388.0000,388.0000,388.0000,4001,2016,Other,3045
642.0000,642.0000,639.0000,636.0000,634.0000,631.0000,628.0000,626.0000,623.0000,645.0000,670.0000,695.0000,719.0000,4070,2017,Other,3045
8158.0000,8158.0000,8158.0000,8158.0000,8158.0000,8158.0000,8158.0000,8158.0000,8158.0000,8158.0000,8158.0000,8158.0000,8158.0000,4090,2017,Supplies,3045
389.0000,389.0000,389.0000,389.0000,389.0000,389.0000,389.0000,389.0000,389.0000,389.0000,389.0000,389.0000,389.0000,4060,2016,Other,3045
335.0000,335.0000,335.0000,335.0000,335.0000,335.0000,335.0000,335.0000,335.0000,335.0000,335.0000,335.0000,335.0000,4003,2016,Other,3045
86.0000,86.0000,85.0000,85.0000,84.0000,84.0000,84.0000,83.0000,83.0000,83.0000,82.0000,82.0000,82.0000,4003,2017,Other,3045
1819.0000,1819.0000,1762.0000,1706.0000,1650.0000,1594.0000,1538.0000,1482.0000,1426.0000,1370.0000,1314.0000,1258.0000,1202.0000,4020,2017,Sub-contracted Labor,3045
1819.0000,1819.0000,1762.0000,1706.0000,1650.0000,1594.0000,1538.0000,1482.0000,1426.0000,1370.0000,1314.0000,1258.0000,1202.0000,4021,2017,Other,3045
1166.0000,1166.0000,1166.0000,1166.0000,1166.0000,1166.0000,1166.0000,1166.0000,1166.0000,1166.0000,1166.0000,1166.0000,1166.0000,4021,2016,Other,3045
34225.0000,34225.0000,34082.0000,33939.0000,33795.0000,33652.0000,33509.0000,33366.0000,33223.0000,33079.0000,32936.0000,32793.0000,32650.0000,4000,2017,Other,3045
2724.0000,2724.0000,2713.0000,2702.0000,2690.0000,2679.0000,2667.0000,2656.0000,2645.0000,2633.0000,2622.0000,2610.0000,2599.0000,4000,2017,Other,3046
84.0000,84.0000,84.0000,84.0000,84.0000,84.0000,84.0000,84.0000,84.0000,84.0000,84.0000,84.0000,84.0000,4021,2016,Other,3046
145.0000,145.0000,140.0000,136.0000,131.0000,127.0000,122.0000,118.0000,114.0000,109.0000,105.0000,100.0000,96.0000,4020,2017,Sub-contracted Labor,3046
179.0000,179.0000,182.0000,185.0000,187.0000,187.0000,187.0000,185.0000,182.0000,179.0000,174.0000,168.0000,162.0000,4021,2017,Other,3046
7.0000,7.0000,7.0000,7.0000,7.0000,7.0000,7.0000,7.0000,7.0000,7.0000,7.0000,7.0000,7.0000,4003,2017,Other,3046
27.0000,27.0000,27.0000,27.0000,27.0000,27.0000,27.0000,27.0000,27.0000,27.0000,27.0000,27.0000,27.0000,4003,2016,Other,3046
28.0000,28.0000,28.0000,28.0000,28.0000,28.0000,28.0000,28.0000,28.0000,28.0000,28.0000,28.0000,28.0000,4060,2016,Other,3046
1085.0000,1085.0000,1085.0000,1085.0000,1085.0000,1085.0000,1085.0000,1085.0000,1085.0000,1085.0000,1085.0000,1085.0000,1085.0000,4090,2016,Supplies,3046
1085.0000,1085.0000,1085.0000,1085.0000,1085.0000,1085.0000,1085.0000,1085.0000,1085.0000,1085.0000,1085.0000,1085.0000,1085.0000,4090,2017,Supplies,3046
35.0000,35.0000,37.0000,39.0000,41.0000,43.0000,45.0000,47.0000,49.0000,51.0000,53.0000,55.0000,57.0000,4070,2017,Other,3046
32.0000,32.0000,32.0000,32.0000,32.0000,32.0000,32.0000,32.0000,32.0000,32.0000,32.0000,32.0000,32.0000,4001,2016,Other,3046
42.0000,42.0000,50.0000,58.0000,67.0000,77.0000,87.0000,98.0000,109.0000,122.0000,134.0000,148.0000,162.0000,4022,2017,Other,3046
84.0000,84.0000,84.0000,84.0000,84.0000,84.0000,84.0000,84.0000,84.0000,84.0000,84.0000,84.0000,84.0000,4022,2016,Other,3046
45.0000,45.0000,45.0000,45.0000,45.0000,45.0000,45.0000,45.0000,45.0000,45.0000,45.0000,45.0000,45.0000,4090,2016,Supplies,4013
102.0000,102.0000,102.0000,102.0000,102.0000,102.0000,102.0000,102.0000,102.0000,102.0000,102.0000,102.0000,102.0000,4090,2016,Supplies,4035
27.0000,27.0000,27.0000,27.0000,27.0000,27.0000,27.0000,27.0000,27.0000,27.0000,27.0000,27.0000,27.0000,4022,2016,Other,4035
102.0000,102.0000,102.0000,102.0000,102.0000,102.0000,102.0000,102.0000,102.0000,102.0000,102.0000,102.0000,102.0000,4090,2017,Supplies,4035
9.0000,9.0000,9.0000,9.0000,9.0000,9.0000,9.0000,9.0000,9.0000,9.0000,9.0000,9.0000,9.0000,4060,2016,Other,4035
7.0000,7.0000,7.0000,7.0000,7.0000,7.0000,7.0000,7.0000,7.0000,7.0000,7.0000,7.0000,7.0000,4003,2016,Other,4035
27.0000,27.0000,27.0000,27.0000,27.0000,27.0000,27.0000,27.0000,27.0000,27.0000,27.0000,27.0000,27.0000,4021,2016,Other,4035
53.0000,53.0000,53.0000,53.0000,53.0000,53.0000,53.0000,53.0000,53.0000,53.0000,53.0000,53.0000,53.0000,4021,2016,Other,4037
18.0000,18.0000,18.0000,18.0000,18.0000,18.0000,18.0000,18.0000,18.0000,18.0000,18.0000,18.0000,18.0000,4060,2016,Other,4037
188.0000,188.0000,188.0000,188.0000,188.0000,188.0000,188.0000,188.0000,188.0000,188.0000,188.0000,188.0000,188.0000,4090,2016,Supplies,4037
188.0000,188.0000,188.0000,188.0000,188.0000,188.0000,188.0000,188.0000,188.0000,188.0000,188.0000,188.0000,188.0000,4090,2017,Supplies,4037
53.0000,53.0000,53.0000,53.0000,53.0000,53.0000,53.0000,53.0000,53.0000,53.0000,53.0000,53.0000,53.0000,4022,2016,Other,4037
108.0000,108.0000,108.0000,108.0000,108.0000,108.0000,108.0000,108.0000,108.0000,108.0000,108.0000,108.0000,108.0000,4022,2016,Other,4040
205.0000,205.0000,205.0000,205.0000,205.0000,205.0000,205.0000,205.0000,205.0000,205.0000,205.0000,205.0000,205.0000,4090,2017,Supplies,4040
205.0000,205.0000,205.0000,205.0000,205.0000,205.0000,205.0000,205.0000,205.0000,205.0000,205.0000,205.0000,205.0000,4090,2016,Supplies,4040
36.0000,36.0000,36.0000,36.0000,36.0000,36.0000,36.0000,36.0000,36.0000,36.0000,36.0000,36.0000,36.0000,4060,2016,Other,4040
23.0000,23.0000,23.0000,23.0000,23.0000,23.0000,23.0000,23.0000,23.0000,23.0000,23.0000,23.0000,23.0000,4003,2016,Other,4040
108.0000,108.0000,108.0000,108.0000,108.0000,108.0000,108.0000,108.0000,108.0000,108.0000,108.0000,108.0000,108.0000,4021,2016,Other,4040
27.0000,27.0000,27.0000,27.0000,27.0000,27.0000,27.0000,27.0000,27.0000,27.0000,27.0000,27.0000,27.0000,4001,2016,Other,4040
17.0000,17.0000,17.0000,18.0000,18.0000,18.0000,18.0000,18.0000,17.0000,17.0000,17.0000,16.0000,15.0000,4021,2017,Other,4044
217.0000,217.0000,217.0000,217.0000,217.0000,217.0000,217.0000,217.0000,217.0000,217.0000,217.0000,217.0000,217.0000,4020,2017,Sub-contracted Labor,4044
1.0000,1.0000,1.0000,1.0000,1.0000,1.0000,1.0000,1.0000,1.0000,1.0000,1.0000,1.0000,1.0000,4003,2016,Other,4044
8.0000,8.0000,8.0000,8.0000,8.0000,8.0000,8.0000,8.0000,8.0000,8.0000,8.0000,8.0000,8.0000,4021,2016,Other,4044
3.0000,3.0000,4.0000,4.0000,4.0000,4.0000,4.0000,5.0000,5.0000,5.0000,5.0000,5.0000,5.0000,4070,2017,Other,4044
1.0000,1.0000,1.0000,1.0000,1.0000,1.0000,1.0000,1.0000,1.0000,1.0000,1.0000,1.0000,1.0000,4001,2016,Other,4044
30.0000,30.0000,30.0000,30.0000,30.0000,30.0000,30.0000,30.0000,30.0000,30.0000,30.0000,30.0000,30.0000,4090,2017,Supplies,4044
2.0000,2.0000,2.0000,2.0000,2.0000,2.0000,2.0000,2.0000,2.0000,2.0000,2.0000,2.0000,2.0000,4060,2016,Other,4044
30.0000,30.0000,30.0000,30.0000,30.0000,30.0000,30.0000,30.0000,30.0000,30.0000,30.0000,30.0000,30.0000,4090,2016,Supplies,4044
4.0000,4.0000,5.0000,6.0000,6.0000,7.0000,8.0000,9.0000,10.0000,12.0000,12.0000,14.0000,15.0000,4022,2017,Other,4044
8.0000,8.0000,8.0000,8.0000,8.0000,8.0000,8.0000,8.0000,8.0000,8.0000,8.0000,8.0000,8.0000,4022,2016,Other,4044
5000.0000,5000.0000,5000.0000,5000.0000,5000.0000,5000.0000,5000.0000,5000.0000,5000.0000,5000.0000,5000.0000,5000.0000,5000.0000,4090,2016,Supplies,4500
5000.0000,5000.0000,5000.0000,5000.0000,5000.0000,5000.0000,5000.0000,5000.0000,5000.0000,5000.0000,5000.0000,5000.0000,5000.0000,4090,2016,Supplies,4501
76.0000,76.0000,76.0000,76.0000,76.0000,76.0000,76.0000,76.0000,76.0000,76.0000,76.0000,76.0000,76.0000,4090,2016,Supplies,5000
84.0000,84.0000,84.0000,84.0000,84.0000,84.0000,84.0000,84.0000,84.0000,84.0000,84.0000,84.0000,84.0000,4022,2016,Other,5000
28.0000,28.0000,28.0000,28.0000,28.0000,28.0000,28.0000,28.0000,28.0000,28.0000,28.0000,28.0000,28.0000,4060,2016,Other,5000
14.0000,14.0000,14.0000,14.0000,14.0000,14.0000,14.0000,14.0000,14.0000,14.0000,14.0000,14.0000,14.0000,4001,2016,Other,5000
84.0000,84.0000,84.0000,84.0000,84.0000,84.0000,84.0000,84.0000,84.0000,84.0000,84.0000,84.0000,84.0000,4021,2016,Other,5000
12.0000,12.0000,12.0000,12.0000,12.0000,12.0000,12.0000,12.0000,12.0000,12.0000,12.0000,12.0000,12.0000,4003,2016,Other,5000
3.0000,3.0000,3.0000,3.0000,3.0000,3.0000,3.0000,3.0000,3.0000,3.0000,3.0000,3.0000,3.0000,4004,2016,Other,5000
243.0000,243.0000,243.0000,243.0000,243.0000,243.0000,243.0000,243.0000,243.0000,243.0000,243.0000,243.0000,243.0000,4020,2016,Sub-contracted Labor,5000
1329.0000,1329.0000,1329.0000,1329.0000,1329.0000,1329.0000,1329.0000,1329.0000,1329.0000,1329.0000,1329.0000,1329.0000,1329.0000,4020,2016,Sub-contracted Labor,5011
178.0000,178.0000,178.0000,178.0000,178.0000,178.0000,178.0000,178.0000,178.0000,178.0000,178.0000,178.0000,178.0000,4003,2016,Other,5011
458.0000,458.0000,458.0000,458.0000,458.0000,458.0000,458.0000,458.0000,458.0000,458.0000,458.0000,458.0000,458.0000,4021,2016,Other,5011
206.0000,206.0000,206.0000,206.0000,206.0000,206.0000,206.0000,206.0000,206.0000,206.0000,206.0000,206.0000,206.0000,4001,2016,Other,5011
1119.0000,1119.0000,1119.0000,1119.0000,1119.0000,1119.0000,1119.0000,1119.0000,1119.0000,1119.0000,1119.0000,1119.0000,1119.0000,4090,2017,Supplies,5011
458.0000,458.0000,458.0000,458.0000,458.0000,458.0000,458.0000,458.0000,458.0000,458.0000,458.0000,458.0000,458.0000,4022,2016,Other,5011
1119.0000,1119.0000,1119.0000,1119.0000,1119.0000,1119.0000,1119.0000,1119.0000,1119.0000,1119.0000,1119.0000,1119.0000,1119.0000,4090,2016,Supplies,5011
309.0000,309.0000,309.0000,309.0000,309.0000,309.0000,309.0000,309.0000,309.0000,309.0000,309.0000,309.0000,309.0000,4090,2016,Supplies,6008
72.0000,72.0000,72.0000,72.0000,72.0000,72.0000,72.0000,72.0000,72.0000,72.0000,72.0000,72.0000,72.0000,4022,2016,Other,6008
36.0000,36.0000,43.0000,50.0000,58.0000,66.0000,75.0000,84.0000,94.0000,105.0000,116.0000,127.0000,139.0000,4022,2017,Other,6008
309.0000,309.0000,309.0000,309.0000,309.0000,309.0000,309.0000,309.0000,309.0000,309.0000,309.0000,309.0000,309.0000,4090,2017,Supplies,6008
24.0000,24.0000,24.0000,24.0000,24.0000,24.0000,24.0000,24.0000,24.0000,24.0000,24.0000,24.0000,24.0000,4060,2016,Other,6008
21.0000,21.0000,21.0000,21.0000,21.0000,21.0000,21.0000,21.0000,21.0000,21.0000,21.0000,21.0000,21.0000,4001,2016,Other,6008
30.0000,30.0000,32.0000,34.0000,35.0000,37.0000,39.0000,41.0000,42.0000,44.0000,46.0000,48.0000,49.0000,4070,2017,Other,6008
72.0000,72.0000,72.0000,72.0000,72.0000,72.0000,72.0000,72.0000,72.0000,72.0000,72.0000,72.0000,72.0000,4021,2016,Other,6008
18.0000,18.0000,18.0000,18.0000,18.0000,18.0000,18.0000,18.0000,18.0000,18.0000,18.0000,18.0000,18.0000,4003,2016,Other,6008
6.0000,6.0000,6.0000,6.0000,6.0000,6.0000,6.0000,6.0000,6.0000,6.0000,6.0000,6.0000,6.0000,4003,2017,Other,6008
154.0000,154.0000,157.0000,159.0000,161.0000,161.0000,161.0000,159.0000,157.0000,154.0000,150.0000,145.0000,139.0000,4021,2017,Other,6008
125.0000,125.0000,121.0000,117.0000,113.0000,109.0000,105.0000,102.0000,98.0000,94.0000,90.0000,86.0000,82.0000,4020,2017,Sub-contracted Labor,6008
2345.0000,2345.0000,2335.0000,2326.0000,2316.0000,2304.0000,2296.0000,2286.0000,2277.0000,2267.0000,2257.0000,2247.0000,2237.0000,4000,2017,Other,6008
151.0000,151.0000,151.0000,151.0000,151.0000,151.0000,151.0000,151.0000,151.0000,151.0000,151.0000,151.0000,151.0000,4090,2017,Supplies,6009
151.0000,151.0000,151.0000,151.0000,151.0000,151.0000,151.0000,151.0000,151.0000,151.0000,151.0000,151.0000,151.0000,4090,2016,Supplies,6009
50.0000,50.0000,50.0000,50.0000,50.0000,50.0000,50.0000,50.0000,50.0000,50.0000,50.0000,50.0000,50.0000,4090,2016,Supplies,7001
0.0000,0.0000,0.0000,0.0000,0.0000,0.0000,0.0000,0.0000,0.0000,0.0000,0.0000,18000.0000,18000.0000,4022,2017,Other,7005
0.0000,0.0000,0.0000,0.0000,0.0000,0.0000,0.0000,0.0000,0.0000,0.0000,0.0000,0.0000,37000.0000,4022,2016,Other,7005
0.0000,0.0000,0.0000,0.0000,0.0000,0.0000,0.0000,0.0000,0.0000,0.0000,0.0000,9000.0000,9000.0000,4090,2017,Supplies,7005
0.0000,0.0000,0.0000,0.0000,0.0000,0.0000,0.0000,0.0000,0.0000,0.0000,0.0000,3557.0000,3542.0000,4070,2017,Other,7005
0.0000,0.0000,0.0000,0.0000,0.0000,0.0000,0.0000,0.0000,0.0000,0.0000,0.0000,0.0000,9000.0000,4070,2016,Other,7005
0.0000,0.0000,0.0000,0.0000,0.0000,0.0000,0.0000,0.0000,0.0000,0.0000,0.0000,5000.0000,5000.0000,4021,2017,Other,7005
0.0000,0.0000,0.0000,0.0000,0.0000,0.0000,0.0000,0.0000,0.0000,0.0000,0.0000,0.0000,10000.0000,4021,2016,Other,7005
41.0000,41.0000,41.0000,41.0000,41.0000,41.0000,41.0000,41.0000,41.0000,41.0000,41.0000,41.0000,41.0000,4090,2017,Supplies,7006
41.0000,41.0000,41.0000,41.0000,41.0000,41.0000,41.0000,41.0000,41.0000,41.0000,41.0000,41.0000,41.0000,4090,2016,Supplies,7006
20448.0000,20448.0000,0.0000,0.0000,0.0000,0.0000,0.0000,0.0000,0.0000,0.0000,0.0000,0.0000,0.0000,4022,2017,Other,7010
1500.0000,1500.0000,0.0000,0.0000,0.0000,0.0000,0.0000,0.0000,0.0000,0.0000,0.0000,0.0000,0.0000,4070,2017,Other,7010
1682.0000,1682.0000,1682.0000,1682.0000,1682.0000,1682.0000,1682.0000,1682.0000,1682.0000,1682.0000,1682.0000,1682.0000,1682.0000,4020,2016,Sub-contracted Labor,8005
2803.0000,2803.0000,2803.0000,2803.0000,2803.0000,2803.0000,2803.0000,2803.0000,2803.0000,2803.0000,2803.0000,2803.0000,2803.0000,4020,2017,Sub-contracted Labor,8006
1659.0000,1659.0000,1659.0000,1659.0000,1659.0000,1659.0000,1659.0000,1659.0000,1659.0000,1659.0000,1659.0000,1659.0000,1659.0000,4020,2016,Sub-contracted Labor,8006
1659.0000,1659.0000,1659.0000,1659.0000,1659.0000,1659.0000,1659.0000,1659.0000,1659.0000,1659.0000,1659.0000,1659.0000,1659.0000,4020,2016,Sub-contracted Labor,8007
5449.0000,5449.0000,5449.0000,5449.0000,5449.0000,5449.0000,5449.0000,5449.0000,5449.0000,5449.0000,5449.0000,5449.0000,5449.0000,4020,2017,Sub-contracted Labor,8007
277.0000,277.0000,277.0000,277.0000,277.0000,277.0000,277.0000,277.0000,277.0000,277.0000,277.0000,277.0000,277.0000,4020,2017,Sub-contracted Labor,8008
1659.0000,1659.0000,1659.0000,1659.0000,1659.0000,1659.0000,1659.0000,1659.0000,1659.0000,1659.0000,1659.0000,1659.0000,1659.0000,4020,2016,Sub-contracted Labor,8008
1659.0000,1659.0000,1659.0000,1659.0000,1659.0000,1659.0000,1659.0000,1659.0000,1659.0000,1659.0000,1659.0000,1659.0000,1659.0000,4020,2016,Sub-contracted Labor,8009
114.0000,114.0000,114.0000,114.0000,114.0000,114.0000,114.0000,114.0000,114.0000,114.0000,114.0000,114.0000,114.0000,4020,2017,Sub-contracted Labor,8009
130.0000,130.0000,130.0000,130.0000,130.0000,130.0000,130.0000,130.0000,130.0000,130.0000,130.0000,130.0000,130.0000,4020,2017,Sub-contracted Labor,8010
1659.0000,1659.0000,1659.0000,1659.0000,1659.0000,1659.0000,1659.0000,1659.0000,1659.0000,1659.0000,1659.0000,1659.0000,1659.0000,4020,2016,Sub-contracted Labor,8010
1659.0000,1659.0000,1659.0000,1659.0000,1659.0000,1659.0000,1659.0000,1659.0000,1659.0000,1659.0000,1659.0000,1659.0000,1659.0000,4020,2016,Sub-contracted Labor,8011
3146.0000,3146.0000,3146.0000,3146.0000,3146.0000,3146.0000,3146.0000,3146.0000,3146.0000,3146.0000,3146.0000,3146.0000,3146.0000,4020,2017,Sub-contracted Labor,8011
1157.0000,1157.0000,1157.0000,1157.0000,1157.0000,1157.0000,1157.0000,1157.0000,1157.0000,1157.0000,1157.0000,1157.0000,1157.0000,4020,2017,Sub-contracted Labor,8012
1659.0000,1659.0000,1659.0000,1659.0000,1659.0000,1659.0000,1659.0000,1659.0000,1659.0000,1659.0000,1659.0000,1659.0000,1659.0000,4020,2016,Sub-contracted Labor,8012
1659.0000,1659.0000,1659.0000,1659.0000,1659.0000,1659.0000,1659.0000,1659.0000,1659.0000,1659.0000,1659.0000,1659.0000,1659.0000,4020,2016,Sub-contracted Labor,8013
522.0000,522.0000,522.0000,522.0000,522.0000,522.0000,522.0000,522.0000,522.0000,522.0000,522.0000,522.0000,522.0000,4020,2017,Sub-contracted Labor,8013
225.0000,225.0000,225.0000,225.0000,225.0000,225.0000,225.0000,225.0000,225.0000,225.0000,225.0000,225.0000,225.0000,4021,2016,Other,8050
225.0000,225.0000,225.0000,225.0000,225.0000,225.0000,225.0000,225.0000,225.0000,225.0000,225.0000,225.0000,225.0000,4021,2016,Other,8051
225.0000,225.0000,225.0000,225.0000,225.0000,225.0000,225.0000,225.0000,225.0000,225.0000,225.0000,225.0000,225.0000,4021,2016,Other,8052
225.0000,225.0000,225.0000,225.0000,225.0000,225.0000,225.0000,225.0000,225.0000,225.0000,225.0000,225.0000,225.0000,4021,2016,Other,8053
225.0000,225.0000,225.0000,225.0000,225.0000,225.0000,225.0000,225.0000,225.0000,225.0000,225.0000,225.0000,225.0000,4021,2016,Other,8054
225.0000,225.0000,225.0000,225.0000,225.0000,225.0000,225.0000,225.0000,225.0000,225.0000,225.0000,225.0000,225.0000,4021,2016,Other,8055
225.0000,225.0000,225.0000,225.0000,225.0000,225.0000,225.0000,225.0000,225.0000,225.0000,225.0000,225.0000,225.0000,4021,2016,Other,8056
225.0000,225.0000,225.0000,225.0000,225.0000,225.0000,225.0000,225.0000,225.0000,225.0000,225.0000,225.0000,225.0000,4021,2016,Other,8057
225.0000,225.0000,225.0000,225.0000,225.0000,225.0000,225.0000,225.0000,225.0000,225.0000,225.0000,225.0000,225.0000,4021,2016,Other,8058
225.0000,225.0000,225.0000,225.0000,225.0000,225.0000,225.0000,225.0000,225.0000,225.0000,225.0000,225.0000,225.0000,4021,2016,Other,8059
225.0000,225.0000,225.0000,225.0000,225.0000,225.0000,225.0000,225.0000,225.0000,225.0000,225.0000,225.0000,225.0000,4021,2016,Other,8060
225.0000,225.0000,225.0000,225.0000,225.0000,225.0000,225.0000,225.0000,225.0000,225.0000,225.0000,225.0000,225.0000,4021,2016,Other,8061
225.0000,225.0000,225.0000,225.0000,225.0000,225.0000,225.0000,225.0000,225.0000,225.0000,225.0000,225.0000,225.0000,4021,2016,Other,8062
225.0000,225.0000,225.0000,225.0000,225.0000,225.0000,225.0000,225.0000,225.0000,225.0000,225.0000,225.0000,225.0000,4021,2016,Other,8063
225.0000,225.0000,225.0000,225.0000,225.0000,225.0000,225.0000,225.0000,225.0000,225.0000,225.0000,225.0000,225.0000,4021,2016,Other,8064
225.0000,225.0000,225.0000,225.0000,225.0000,225.0000,225.0000,225.0000,225.0000,225.0000,225.0000,225.0000,225.0000,4021,2016,Other,8065
225.0000,225.0000,225.0000,225.0000,225.0000,225.0000,225.0000,225.0000,225.0000,225.0000,225.0000,225.0000,225.0000,4021,2016,Other,8066
225.0000,225.0000,225.0000,225.0000,225.0000,225.0000,225.0000,225.0000,225.0000,225.0000,225.0000,225.0000,225.0000,4021,2016,Other,8067
225.0000,225.0000,225.0000,225.0000,225.0000,225.0000,225.0000,225.0000,225.0000,225.0000,225.0000,225.0000,225.0000,4021,2016,Other,8068
225.0000,225.0000,225.0000,225.0000,225.0000,225.0000,225.0000,225.0000,225.0000,225.0000,225.0000,225.0000,225.0000,4021,2016,Other,8069
225.0000,225.0000,225.0000,225.0000,225.0000,225.0000,225.0000,225.0000,225.0000,225.0000,225.0000,225.0000,225.0000,4021,2016,Other,8070
225.0000,225.0000,225.0000,225.0000,225.0000,225.0000,225.0000,225.0000,225.0000,225.0000,225.0000,225.0000,225.0000,4021,2016,Other,8071
225.0000,225.0000,225.0000,225.0000,225.0000,225.0000,225.0000,225.0000,225.0000,225.0000,225.0000,225.0000,225.0000,4021,2016,Other,8072
225.0000,225.0000,225.0000,225.0000,225.0000,225.0000,225.0000,225.0000,225.0000,225.0000,225.0000,225.0000,225.0000,4021,2016,Other,8073
225.0000,225.0000,225.0000,225.0000,225.0000,225.0000,225.0000,225.0000,225.0000,225.0000,225.0000,225.0000,225.0000,4021,2016,Other,8074
225.0000,225.0000,225.0000,225.0000,225.0000,225.0000,225.0000,225.0000,225.0000,225.0000,225.0000,225.0000,225.0000,4021,2016,Other,8075
225.0000,225.0000,225.0000,225.0000,225.0000,225.0000,225.0000,225.0000,225.0000,225.0000,225.0000,225.0000,225.0000,4021,2016,Other,8076
225.0000,225.0000,225.0000,225.0000,225.0000,225.0000,225.0000,225.0000,225.0000,225.0000,225.0000,225.0000,225.0000,4021,2016,Other,8077
225.0000,225.0000,225.0000,225.0000,225.0000,225.0000,225.0000,225.0000,225.0000,225.0000,225.0000,225.0000,225.0000,4021,2016,Other,8079
225.0000,225.0000,225.0000,225.0000,225.0000,225.0000,225.0000,225.0000,225.0000,225.0000,225.0000,225.0000,225.0000,4021,2016,Other,8082
225.0000,225.0000,225.0000,225.0000,225.0000,225.0000,225.0000,225.0000,225.0000,225.0000,225.0000,225.0000,225.0000,4021,2016,Other,8083
225.0000,225.0000,225.0000,225.0000,225.0000,225.0000,225.0000,225.0000,225.0000,225.0000,225.0000,225.0000,225.0000,4021,2016,Other,8084
225.0000,225.0000,225.0000,225.0000,225.0000,225.0000,225.0000,225.0000,225.0000,225.0000,225.0000,225.0000,225.0000,4021,2016,Other,8085
225.0000,225.0000,225.0000,225.0000,225.0000,225.0000,225.0000,225.0000,225.0000,225.0000,225.0000,225.0000,225.0000,4021,2016,Other,8086
225.0000,225.0000,225.0000,225.0000,225.0000,225.0000,225.0000,225.0000,225.0000,225.0000,225.0000,225.0000,225.0000,4021,2016,Other,8087
225.0000,225.0000,225.0000,225.0000,225.0000,225.0000,225.0000,225.0000,225.0000,225.0000,225.0000,225.0000,225.0000,4021,2016,Other,8088
225.0000,225.0000,225.0000,225.0000,225.0000,225.0000,225.0000,225.0000,225.0000,225.0000,225.0000,225.0000,225.0000,4021,2016,Other,8089
225.0000,225.0000,225.0000,225.0000,225.0000,225.0000,225.0000,225.0000,225.0000,225.0000,225.0000,225.0000,225.0000,4021,2016,Other,8090
225.0000,225.0000,225.0000,225.0000,225.0000,225.0000,225.0000,225.0000,225.0000,225.0000,225.0000,225.0000,225.0000,4021,2016,Other,8091
225.0000,225.0000,225.0000,225.0000,225.0000,225.0000,225.0000,225.0000,225.0000,225.0000,225.0000,225.0000,225.0000,4021,2016,Other,8092
225.0000,225.0000,225.0000,225.0000,225.0000,225.0000,225.0000,225.0000,225.0000,225.0000,225.0000,225.0000,225.0000,4021,2016,Other,8093
225.0000,225.0000,225.0000,225.0000,225.0000,225.0000,225.0000,225.0000,225.0000,225.0000,225.0000,225.0000,225.0000,4021,2016,Other,8094
225.0000,225.0000,225.0000,225.0000,225.0000,225.0000,225.0000,225.0000,225.0000,225.0000,225.0000,225.0000,225.0000,4021,2016,Other,8095
225.0000,225.0000,225.0000,225.0000,225.0000,225.0000,225.0000,225.0000,225.0000,225.0000,225.0000,225.0000,225.0000,4021,2016,Other,8096
225.0000,225.0000,225.0000,225.0000,225.0000,225.0000,225.0000,225.0000,225.0000,225.0000,225.0000,225.0000,225.0000,4021,2016,Other,8097
225.0000,225.0000,225.0000,225.0000,225.0000,225.0000,225.0000,225.0000,225.0000,225.0000,225.0000,225.0000,225.0000,4021,2016,Other,8098
225.0000,225.0000,225.0000,225.0000,225.0000,225.0000,225.0000,225.0000,225.0000,225.0000,225.0000,225.0000,225.0000,4021,2016,Other,8099
225.0000,225.0000,225.0000,225.0000,225.0000,225.0000,225.0000,225.0000,225.0000,225.0000,225.0000,225.0000,225.0000,4021,2016,Other,8100
225.0000,225.0000,225.0000,225.0000,225.0000,225.0000,225.0000,225.0000,225.0000,225.0000,225.0000,225.0000,225.0000,4021,2016,Other,8101
225.0000,225.0000,225.0000,225.0000,225.0000,225.0000,225.0000,225.0000,225.0000,225.0000,225.0000,225.0000,225.0000,4021,2016,Other,8102
225.0000,225.0000,225.0000,225.0000,225.0000,225.0000,225.0000,225.0000,225.0000,225.0000,225.0000,225.0000,225.0000,4021,2016,Other,8103
225.0000,225.0000,225.0000,225.0000,225.0000,225.0000,225.0000,225.0000,225.0000,225.0000,225.0000,225.0000,225.0000,4021,2016,Other,8104
225.0000,225.0000,225.0000,225.0000,225.0000,225.0000,225.0000,225.0000,225.0000,225.0000,225.0000,225.0000,225.0000,4020,2016,Sub-contracted Labor,8105
225.0000,225.0000,225.0000,225.0000,225.0000,225.0000,225.0000,225.0000,225.0000,225.0000,225.0000,225.0000,225.0000,4021,2016,Other,8106
225.0000,225.0000,225.0000,225.0000,225.0000,225.0000,225.0000,225.0000,225.0000,225.0000,225.0000,225.0000,225.0000,4021,2016,Other,8107
225.0000,225.0000,225.0000,225.0000,225.0000,225.0000,225.0000,225.0000,225.0000,225.0000,225.0000,225.0000,225.0000,4021,2016,Other,8108
225.0000,225.0000,225.0000,225.0000,225.0000,225.0000,225.0000,225.0000,225.0000,225.0000,225.0000,225.0000,225.0000,4021,2016,Other,8109
225.0000,225.0000,225.0000,225.0000,225.0000,225.0000,225.0000,225.0000,225.0000,225.0000,225.0000,225.0000,225.0000,4021,2016,Other,8110
225.0000,225.0000,225.0000,225.0000,225.0000,225.0000,225.0000,225.0000,225.0000,225.0000,225.0000,225.0000,225.0000,4021,2016,Other,8111
225.0000,225.0000,225.0000,225.0000,225.0000,225.0000,225.0000,225.0000,225.0000,225.0000,225.0000,225.0000,225.0000,4021,2016,Other,8112
225.0000,225.0000,225.0000,225.0000,225.0000,225.0000,225.0000,225.0000,225.0000,225.0000,225.0000,225.0000,225.0000,4021,2016,Other,8113
225.0000,225.0000,225.0000,225.0000,225.0000,225.0000,225.0000,225.0000,225.0000,225.0000,225.0000,225.0000,225.0000,4021,2016,Other,8114
225.0000,225.0000,225.0000,225.0000,225.0000,225.0000,225.0000,225.0000,225.0000,225.0000,225.0000,225.0000,225.0000,4021,2016,Other,8115
225.0000,225.0000,225.0000,225.0000,225.0000,225.0000,225.0000,225.0000,225.0000,225.0000,225.0000,225.0000,225.0000,4021,2016,Other,8116
225.0000,225.0000,225.0000,225.0000,225.0000,225.0000,225.0000,225.0000,225.0000,225.0000,225.0000,225.0000,225.0000,4021,2016,Other,8117
225.0000,225.0000,225.0000,225.0000,225.0000,225.0000,225.0000,225.0000,225.0000,225.0000,225.0000,225.0000,225.0000,4021,2016,Other,8118
225.0000,225.0000,225.0000,225.0000,225.0000,225.0000,225.0000,225.0000,225.0000,225.0000,225.0000,225.0000,225.0000,4021,2016,Other,8119
225.0000,225.0000,225.0000,225.0000,225.0000,225.0000,225.0000,225.0000,225.0000,225.0000,225.0000,225.0000,225.0000,4021,2016,Other,8120
225.0000,225.0000,225.0000,225.0000,225.0000,225.0000,225.0000,225.0000,225.0000,225.0000,225.0000,225.0000,225.0000,4021,2016,Other,8121
225.0000,225.0000,225.0000,225.0000,225.0000,225.0000,225.0000,225.0000,225.0000,225.0000,225.0000,225.0000,225.0000,4021,2016,Other,8122
225.0000,225.0000,225.0000,225.0000,225.0000,225.0000,225.0000,225.0000,225.0000,225.0000,225.0000,225.0000,225.0000,4021,2016,Other,8123
225.0000,225.0000,225.0000,225.0000,225.0000,225.0000,225.0000,225.0000,225.0000,225.0000,225.0000,225.0000,225.0000,4021,2016,Other,8124
225.0000,225.0000,225.0000,225.0000,225.0000,225.0000,225.0000,225.0000,225.0000,225.0000,225.0000,225.0000,225.0000,4021,2015,Other,8125
225.0000,225.0000,225.0000,225.0000,225.0000,225.0000,225.0000,225.0000,225.0000,225.0000,225.0000,225.0000,225.0000,4021,2017,Other,8126
225.0000,225.0000,225.0000,225.0000,225.0000,225.0000,225.0000,225.0000,225.0000,225.0000,225.0000,225.0000,225.0000,4021,2016,Other,8127
225.0000,225.0000,225.0000,225.0000,225.0000,225.0000,225.0000,225.0000,225.0000,225.0000,225.0000,225.0000,225.0000,4021,2016,Other,8128
225.0000,225.0000,225.0000,225.0000,225.0000,225.0000,225.0000,225.0000,225.0000,225.0000,225.0000,225.0000,225.0000,4021,2015,Other,8129
225.0000,225.0000,225.0000,225.0000,225.0000,225.0000,225.0000,225.0000,225.0000,225.0000,225.0000,225.0000,225.0000,4021,2016,Other,8130
225.0000,225.0000,225.0000,225.0000,225.0000,225.0000,225.0000,225.0000,225.0000,225.0000,225.0000,225.0000,225.0000,4021,2016,Other,8131
225.0000,225.0000,225.0000,225.0000,225.0000,225.0000,225.0000,225.0000,225.0000,225.0000,225.0000,225.0000,225.0000,4021,2016,Other,8132
225.0000,225.0000,225.0000,225.0000,225.0000,225.0000,225.0000,225.0000,225.0000,225.0000,225.0000,225.0000,225.0000,4021,2016,Other,8133
225.0000,225.0000,225.0000,225.0000,225.0000,225.0000,225.0000,225.0000,225.0000,225.0000,225.0000,225.0000,225.0000,4021,2016,Other,8134
225.0000,225.0000,225.0000,225.0000,225.0000,225.0000,225.0000,225.0000,225.0000,225.0000,225.0000,225.0000,225.0000,4021,2016,Other,8135
225.0000,225.0000,225.0000,225.0000,225.0000,225.0000,225.0000,225.0000,225.0000,225.0000,225.0000,225.0000,225.0000,4021,2016,Other,8136
225.0000,225.0000,225.0000,225.0000,225.0000,225.0000,225.0000,225.0000,225.0000,225.0000,225.0000,225.0000,225.0000,4021,2016,Other,8137
225.0000,225.0000,225.0000,225.0000,225.0000,225.0000,225.0000,225.0000,225.0000,225.0000,225.0000,225.0000,225.0000,4021,2016,Other,8138
225.0000,225.0000,225.0000,225.0000,225.0000,225.0000,225.0000,225.0000,225.0000,225.0000,225.0000,225.0000,225.0000,4021,2016,Other,8139
225.0000,225.0000,225.0000,225.0000,225.0000,225.0000,225.0000,225.0000,225.0000,225.0000,225.0000,225.0000,225.0000,4021,2016,Other,8140
225.0000,225.0000,225.0000,225.0000,225.0000,225.0000,225.0000,225.0000,225.0000,225.0000,225.0000,225.0000,225.0000,4021,2016,Other,8142
225.0000,225.0000,225.0000,225.0000,225.0000,225.0000,225.0000,225.0000,225.0000,225.0000,225.0000,225.0000,225.0000,4021,2016,Other,8143
225.0000,225.0000,225.0000,225.0000,225.0000,225.0000,225.0000,225.0000,225.0000,225.0000,225.0000,225.0000,225.0000,4021,2016,Other,8144
225.0000,225.0000,225.0000,225.0000,225.0000,225.0000,225.0000,225.0000,225.0000,225.0000,225.0000,225.0000,225.0000,4021,2016,Other,8145
225.0000,225.0000,225.0000,225.0000,225.0000,225.0000,225.0000,225.0000,225.0000,225.0000,225.0000,225.0000,225.0000,4021,2016,Other,8146
225.0000,225.0000,225.0000,225.0000,225.0000,225.0000,225.0000,225.0000,225.0000,225.0000,225.0000,225.0000,225.0000,4021,2016,Other,8147
225.0000,225.0000,225.0000,225.0000,225.0000,225.0000,225.0000,225.0000,225.0000,225.0000,225.0000,225.0000,225.0000,4021,2016,Other,8148
225.0000,225.0000,225.0000,225.0000,225.0000,225.0000,225.0000,225.0000,225.0000,225.0000,225.0000,225.0000,225.0000,4021,2016,Other,8149
225.0000,225.0000,225.0000,225.0000,225.0000,225.0000,225.0000,225.0000,225.0000,225.0000,225.0000,225.0000,225.0000,4021,2016,Other,8150
225.0000,225.0000,225.0000,225.0000,225.0000,225.0000,225.0000,225.0000,225.0000,225.0000,225.0000,225.0000,225.0000,4021,2016,Other,8151
225.0000,225.0000,225.0000,225.0000,225.0000,225.0000,225.0000,225.0000,225.0000,225.0000,225.0000,225.0000,225.0000,4021,2016,Other,8152
225.0000,225.0000,225.0000,225.0000,225.0000,225.0000,225.0000,225.0000,225.0000,225.0000,225.0000,225.0000,225.0000,4021,2016,Other,8153
225.0000,225.0000,225.0000,225.0000,225.0000,225.0000,225.0000,225.0000,225.0000,225.0000,225.0000,225.0000,225.0000,4021,2016,Other,8154
225.0000,225.0000,225.0000,225.0000,225.0000,225.0000,225.0000,225.0000,225.0000,225.0000,225.0000,225.0000,225.0000,4021,2016,Other,8155
225.0000,225.0000,225.0000,225.0000,225.0000,225.0000,225.0000,225.0000,225.0000,225.0000,225.0000,225.0000,225.0000,4021,2016,Other,8156
225.0000,225.0000,225.0000,225.0000,225.0000,225.0000,225.0000,225.0000,225.0000,225.0000,225.0000,225.0000,225.0000,4021,2016,Other,8157
225.0000,225.0000,225.0000,225.0000,225.0000,225.0000,225.0000,225.0000,225.0000,225.0000,225.0000,225.0000,225.0000,4021,2016,Other,8158
225.0000,225.0000,225.0000,225.0000,225.0000,225.0000,225.0000,225.0000,225.0000,225.0000,225.0000,225.0000,225.0000,4021,2016,Other,8159
225.0000,225.0000,225.0000,225.0000,225.0000,225.0000,225.0000,225.0000,225.0000,225.0000,225.0000,225.0000,225.0000,4021,2016,Other,8160
225.0000,225.0000,225.0000,225.0000,225.0000,225.0000,225.0000,225.0000,225.0000,225.0000,225.0000,225.0000,225.0000,4021,2016,Other,8161
225.0000,225.0000,225.0000,225.0000,225.0000,225.0000,225.0000,225.0000,225.0000,225.0000,225.0000,225.0000,225.0000,4021,2016,Other,8162
225.0000,225.0000,225.0000,225.0000,225.0000,225.0000,225.0000,225.0000,225.0000,225.0000,225.0000,225.0000,225.0000,4021,2016,Other,8163
225.0000,225.0000,225.0000,225.0000,225.0000,225.0000,225.0000,225.0000,225.0000,225.0000,225.0000,225.0000,225.0000,4021,2016,Other,8164
225.0000,225.0000,225.0000,225.0000,225.0000,225.0000,225.0000,225.0000,225.0000,225.0000,225.0000,225.0000,225.0000,4021,2016,Other,8165
225.0000,225.0000,225.0000,225.0000,225.0000,225.0000,225.0000,225.0000,225.0000,225.0000,225.0000,225.0000,225.0000,4021,2016,Other,8166
225.0000,225.0000,225.0000,225.0000,225.0000,225.0000,225.0000,225.0000,225.0000,225.0000,225.0000,225.0000,225.0000,4021,2016,Other,8167
225.0000,225.0000,225.0000,225.0000,225.0000,225.0000,225.0000,225.0000,225.0000,225.0000,225.0000,225.0000,225.0000,4021,2016,Other,8168
225.0000,225.0000,225.0000,225.0000,225.0000,225.0000,225.0000,225.0000,225.0000,225.0000,225.0000,225.0000,225.0000,4021,2016,Other,8169
225.0000,225.0000,225.0000,225.0000,225.0000,225.0000,225.0000,225.0000,225.0000,225.0000,225.0000,225.0000,225.0000,4021,2016,Other,8170
225.0000,225.0000,225.0000,225.0000,225.0000,225.0000,225.0000,225.0000,225.0000,225.0000,225.0000,225.0000,225.0000,4021,2016,Other,8171
225.0000,225.0000,225.0000,225.0000,225.0000,225.0000,225.0000,225.0000,225.0000,225.0000,225.0000,225.0000,225.0000,4021,2016,Other,8172
225.0000,225.0000,225.0000,225.0000,225.0000,225.0000,225.0000,225.0000,225.0000,225.0000,225.0000,225.0000,225.0000,4021,2016,Other,8173
225.0000,225.0000,225.0000,225.0000,225.0000,225.0000,225.0000,225.0000,225.0000,225.0000,225.0000,225.0000,225.0000,4021,2016,Other,8174
225.0000,225.0000,225.0000,225.0000,225.0000,225.0000,225.0000,225.0000,225.0000,225.0000,225.0000,225.0000,225.0000,4021,2016,Other,8175
225.0000,225.0000,225.0000,225.0000,225.0000,225.0000,225.0000,225.0000,225.0000,225.0000,225.0000,225.0000,225.0000,4021,2016,Other,8176
225.0000,225.0000,225.0000,225.0000,225.0000,225.0000,225.0000,225.0000,225.0000,225.0000,225.0000,225.0000,225.0000,4021,2016,Other,8177
225.0000,225.0000,225.0000,225.0000,225.0000,225.0000,225.0000,225.0000,225.0000,225.0000,225.0000,225.0000,225.0000,4021,2016,Other,8178
225.0000,225.0000,225.0000,225.0000,225.0000,225.0000,225.0000,225.0000,225.0000,225.0000,225.0000,225.0000,225.0000,4021,2016,Other,8179
225.0000,225.0000,225.0000,225.0000,225.0000,225.0000,225.0000,225.0000,225.0000,225.0000,225.0000,225.0000,225.0000,4021,2016,Other,8180
225.0000,225.0000,225.0000,225.0000,225.0000,225.0000,225.0000,225.0000,225.0000,225.0000,225.0000,225.0000,225.0000,4021,2016,Other,8181
225.0000,225.0000,225.0000,225.0000,225.0000,225.0000,225.0000,225.0000,225.0000,225.0000,225.0000,225.0000,225.0000,4021,2016,Other,8182
225.0000,225.0000,225.0000,225.0000,225.0000,225.0000,225.0000,225.0000,225.0000,225.0000,225.0000,225.0000,225.0000,4021,2016,Other,8183
225.0000,225.0000,225.0000,225.0000,225.0000,225.0000,225.0000,225.0000,225.0000,225.0000,225.0000,225.0000,225.0000,4021,2016,Other,8184
225.0000,225.0000,225.0000,225.0000,225.0000,225.0000,225.0000,225.0000,225.0000,225.0000,225.0000,225.0000,225.0000,4021,2016,Other,8185
225.0000,225.0000,225.0000,225.0000,225.0000,225.0000,225.0000,225.0000,225.0000,225.0000,225.0000,225.0000,225.0000,4021,2016,Other,8186
225.0000,225.0000,225.0000,225.0000,225.0000,225.0000,225.0000,225.0000,225.0000,225.0000,225.0000,225.0000,225.0000,4021,2016,Other,8187
225.0000,225.0000,225.0000,225.0000,225.0000,225.0000,225.0000,225.0000,225.0000,225.0000,225.0000,225.0000,225.0000,4021,2016,Other,8188
225.0000,225.0000,225.0000,225.0000,225.0000,225.0000,225.0000,225.0000,225.0000,225.0000,225.0000,225.0000,225.0000,4021,2016,Other,8189
225.0000,225.0000,225.0000,225.0000,225.0000,225.0000,225.0000,225.0000,225.0000,225.0000,225.0000,225.0000,225.0000,4021,2016,Other,8190
225.0000,225.0000,225.0000,225.0000,225.0000,225.0000,225.0000,225.0000,225.0000,225.0000,225.0000,225.0000,225.0000,4021,2016,Other,8191
124.0000,124.0000,124.0000,124.0000,124.0000,124.0000,0.0000,0.0000,0.0000,0.0000,0.0000,0.0000,0.0000,4090,2016,Supplies,9001
124.0000,124.0000,124.0000,124.0000,124.0000,124.0000,124.0000,124.0000,124.0000,124.0000,124.0000,124.0000,124.0000,4090,2017,Supplies,9001
