JobNumber,Period,BudgetHours,BudgetDollars,fica,futa,suta,WorkmansCompensation,Medicare
1003,1,2016.0000,17715.6000,1098.3000,106.2600,731.6400,877.5900,257.0400
1003,2,2016.0000,17715.6000,1098.3000,106.2600,731.6400,877.5900,257.0400
1003,3,2208.0000,19402.8000,1202.9000,116.3800,801.3200,961.1700,281.5200
1003,4,2016.0000,17715.6000,1098.3000,106.2600,731.6400,877.5900,257.0400
1003,5,1936.0000,17608.8000,1091.6400,105.6000,727.3200,872.3000,255.4200
1003,6,1936.0000,17608.8000,1091.6400,105.6000,727.3200,872.3000,255.4200
1003,7,1848.0000,16808.4000,1042.0200,100.8000,694.2600,832.6500,243.8100
1003,8,2024.0000,18409.2000,1141.2600,110.4000,760.3800,911.9500,267.0300
1003,9,1936.0000,17608.8000,1091.6400,105.6000,727.3200,872.3000,255.4200
1003,10,1680.0000,15388.8000,954.0300,92.4000,635.4600,762.3000,223.2300
1003,11,1760.0000,16121.6000,999.4600,96.8000,665.7200,798.6000,233.8600
1003,12,1760.0000,16121.6000,999.4600,96.8000,665.7200,798.6000,233.8600
1007,1,63.0000,535.5000,33.1800,3.1500,24.3600,26.4600,7.9800
1007,2,63.0000,535.5000,33.1800,3.1500,24.3600,26.4600,7.9800
1007,3,69.0000,586.5000,36.3400,3.4500,26.6800,28.9800,8.7400
1007,4,63.0000,535.5000,33.1800,3.1500,24.3600,26.4600,7.9800
1007,5,66.0000,561.0000,34.7600,3.3000,25.5200,27.7200,8.3600
1007,6,66.0000,561.0000,34.7600,3.3000,25.5200,27.7200,8.3600
1007,7,63.0000,535.5000,33.1800,3.1500,24.3600,26.4600,7.9800
1007,8,69.0000,586.5000,36.3400,3.4500,26.6800,28.9800,8.7400
1007,9,66.0000,561.0000,34.7600,3.3000,25.5200,27.7200,8.3600
1007,10,63.0000,535.5000,33.1800,3.1500,24.3600,26.4600,7.9800
1007,11,66.0000,561.0000,34.7600,3.3000,25.5200,27.7200,8.3600
1007,12,66.0000,561.0000,34.7600,3.3000,25.5200,27.7200,8.3600
1008,1,84.0000,714.0000,44.3100,4.2000,29.4000,35.2800,10.5000
1008,2,84.0000,714.0000,44.3100,4.2000,29.4000,35.2800,10.5000
1008,3,92.0000,782.0000,48.5300,4.6000,32.2000,38.6400,11.5000
1008,4,84.0000,714.0000,44.3100,4.2000,29.4000,35.2800,10.5000
1008,5,88.0000,748.0000,46.4200,4.4000,30.8000,36.9600,11.0000
1008,6,88.0000,748.0000,46.4200,4.4000,30.8000,36.9600,11.0000
1008,7,84.0000,714.0000,44.3100,4.2000,29.4000,35.2800,10.5000
1008,8,92.0000,782.0000,48.5300,4.6000,32.2000,38.6400,11.5000
1008,9,88.0000,748.0000,46.4200,4.4000,30.8000,36.9600,11.0000
1008,10,84.0000,714.0000,44.3100,4.2000,29.4000,35.2800,10.5000
1008,11,88.0000,748.0000,46.4200,4.4000,30.8000,36.9600,11.0000
1008,12,88.0000,748.0000,46.4200,4.4000,30.8000,36.9600,11.0000
1009,1,42.0000,357.0000,22.0500,2.1000,16.3800,17.6400,5.2500
1009,2,42.0000,357.0000,22.0500,2.1000,16.3800,17.6400,5.2500
1009,3,46.0000,391.0000,24.1500,2.3000,17.9400,19.3200,5.7500
1009,4,42.0000,357.0000,22.0500,2.1000,16.3800,17.6400,5.2500
1009,5,44.0000,374.0000,23.1000,2.2000,17.1600,18.4800,5.5000
1009,6,44.0000,374.0000,23.1000,2.2000,17.1600,18.4800,5.5000
1009,7,42.0000,357.0000,22.0500,2.1000,16.3800,17.6400,5.2500
1009,8,46.0000,391.0000,24.1500,2.3000,17.9400,19.3200,5.7500
1009,9,44.0000,374.0000,23.1000,2.2000,17.1600,18.4800,5.5000
1009,10,42.0000,357.0000,22.0500,2.1000,16.3800,17.6400,5.2500
1009,11,44.0000,374.0000,23.1000,2.2000,17.1600,18.4800,5.5000
1009,12,44.0000,374.0000,23.1000,2.2000,17.1600,18.4800,5.5000
1010,1,126.0000,1071.0000,66.3600,6.5100,44.3100,53.1300,15.3300
1010,2,126.0000,1071.0000,66.3600,6.5100,44.3100,53.1300,15.3300
1010,3,138.0000,1173.0000,72.6800,7.1300,48.5300,58.1900,16.7900
1010,4,126.0000,1071.0000,66.3600,6.5100,44.3100,53.1300,15.3300
1010,5,132.0000,1122.0000,69.5200,6.8200,46.4200,55.6600,16.0600
1010,6,132.0000,1122.0000,69.5200,6.8200,46.4200,55.6600,16.0600
1010,7,126.0000,1071.0000,66.3600,6.5100,44.3100,53.1300,15.3300
1010,8,138.0000,1173.0000,72.6800,7.1300,48.5300,58.1900,16.7900
1010,9,132.0000,1122.0000,69.5200,6.8200,46.4200,55.6600,16.0600
1010,10,126.0000,1071.0000,66.3600,6.5100,44.3100,53.1300,15.3300
1010,11,132.0000,1122.0000,69.5200,6.8200,46.4200,55.6600,16.0600
1010,12,132.0000,1122.0000,69.5200,6.8200,46.4200,55.6600,16.0600
1011,1,42.0000,357.0000,22.0500,2.1000,16.3800,17.6400,5.2500
1011,2,42.0000,357.0000,22.0500,2.1000,16.3800,17.6400,5.2500
1011,3,46.0000,391.0000,24.1500,2.3000,17.9400,19.3200,5.7500
1011,4,42.0000,357.0000,22.0500,2.1000,16.3800,17.6400,5.2500
1011,5,44.0000,374.0000,23.1000,2.2000,17.1600,18.4800,5.5000
1011,6,44.0000,374.0000,23.1000,2.2000,17.1600,18.4800,5.5000
1011,7,42.0000,357.0000,22.0500,2.1000,16.3800,17.6400,5.2500
1011,8,46.0000,391.0000,24.1500,2.3000,17.9400,19.3200,5.7500
1011,9,44.0000,374.0000,23.1000,2.2000,17.1600,18.4800,5.5000
1011,10,42.0000,357.0000,22.0500,2.1000,16.3800,17.6400,5.2500
1011,11,44.0000,374.0000,23.1000,2.2000,17.1600,18.4800,5.5000
1011,12,44.0000,374.0000,23.1000,2.2000,17.1600,18.4800,5.5000
1012,1,105.0000,892.5000,55.2300,5.2500,40.7400,44.1000,13.2300
1012,2,105.0000,892.5000,55.2300,5.2500,40.7400,44.1000,13.2300
1012,3,115.0000,977.5000,60.4900,5.7500,44.6200,48.3000,14.4900
1012,4,105.0000,892.5000,55.2300,5.2500,40.7400,44.1000,13.2300
1012,5,110.0000,935.0000,57.8600,5.5000,42.6800,46.2000,13.8600
1012,6,110.0000,935.0000,57.8600,5.5000,42.6800,46.2000,13.8600
1012,7,105.0000,892.5000,55.2300,5.2500,40.7400,44.1000,13.2300
1012,8,115.0000,977.5000,60.4900,5.7500,44.6200,48.3000,14.4900
1012,9,110.0000,935.0000,57.8600,5.5000,42.6800,46.2000,13.8600
1012,10,105.0000,892.5000,55.4400,5.4600,36.9600,44.3100,12.6000
1012,11,110.0000,935.0000,58.0800,5.7200,38.7200,46.4200,13.2000
1012,12,110.0000,935.0000,58.0800,5.7200,38.7200,46.4200,13.2000
1025,1,168.0000,1428.0000,88.6200,8.6100,65.3100,70.7700,20.5800
1025,2,168.0000,1428.0000,88.6200,8.6100,65.3100,70.7700,20.5800
1025,3,184.0000,1564.0000,97.0600,9.4300,71.5300,77.5100,22.5400
1025,4,168.0000,1428.0000,88.6200,8.6100,65.3100,70.7700,20.5800
1025,5,176.0000,1496.0000,92.8400,9.0200,68.4200,74.1400,21.5600
1025,6,176.0000,1496.0000,92.8400,9.0200,68.4200,74.1400,21.5600
1025,7,168.0000,1428.0000,88.6200,8.6100,65.3100,70.7700,20.5800
1025,8,184.0000,1564.0000,97.0600,9.4300,71.5300,77.5100,22.5400
1025,9,176.0000,1496.0000,92.8400,9.0200,68.4200,74.1400,21.5600
1025,10,168.0000,1428.0000,88.6200,8.6100,65.3100,70.7700,20.5800
1025,11,176.0000,1496.0000,92.8400,9.0200,68.4200,74.1400,21.5600
1025,12,176.0000,1496.0000,92.8400,9.0200,68.4200,74.1400,21.5600
1027,1,42.0000,357.0000,22.0500,2.1000,16.3800,17.6400,5.2500
1027,2,42.0000,357.0000,22.0500,2.1000,16.3800,17.6400,5.2500
1027,3,46.0000,391.0000,24.1500,2.3000,17.9400,19.3200,5.7500
1027,4,42.0000,357.0000,22.0500,2.1000,16.3800,17.6400,5.2500
1027,5,44.0000,374.0000,23.1000,2.2000,17.1600,18.4800,5.5000
1027,6,44.0000,374.0000,23.1000,2.2000,17.1600,18.4800,5.5000
1027,7,42.0000,357.0000,22.0500,2.1000,16.3800,17.6400,5.2500
1027,8,46.0000,391.0000,24.1500,2.3000,17.9400,19.3200,5.7500
1027,9,44.0000,374.0000,23.1000,2.2000,17.1600,18.4800,5.5000
1027,10,42.0000,357.0000,22.0500,2.1000,16.3800,17.6400,5.2500
1027,11,44.0000,374.0000,23.1000,2.2000,17.1600,18.4800,5.5000
1027,12,44.0000,374.0000,23.1000,2.2000,17.1600,18.4800,5.5000
1032,1,168.0000,1428.0000,88.6200,8.6100,65.3100,70.7700,20.5800
1032,2,168.0000,1428.0000,88.6200,8.6100,65.3100,70.7700,20.5800
1032,3,184.0000,1564.0000,97.0600,9.4300,71.5300,77.5100,22.5400
1032,4,168.0000,1428.0000,88.6200,8.6100,65.3100,70.7700,20.5800
1032,5,176.0000,1496.0000,92.8400,9.0200,68.4200,74.1400,21.5600
1032,6,176.0000,1496.0000,92.8400,9.0200,68.4200,74.1400,21.5600
1032,7,168.0000,1428.0000,88.6200,8.6100,65.3100,70.7700,20.5800
1032,8,184.0000,1564.0000,97.0600,9.4300,71.5300,77.5100,22.5400
1032,9,176.0000,1496.0000,92.8400,9.0200,68.4200,74.1400,21.5600
1032,10,252.0000,2142.0000,132.7200,12.8100,88.4100,106.0500,31.2900
1032,11,264.0000,2244.0000,139.0400,13.4200,92.6200,111.1000,32.7800
1032,12,264.0000,2244.0000,139.0400,13.4200,92.6200,111.1000,32.7800
1033,1,676.0000,5746.0000,356.3800,34.5200,262.7100,284.6800,83.2300
1033,2,676.0000,5746.0000,356.3800,34.5200,262.7100,284.6800,83.2300
1033,3,728.0000,6188.0000,383.7900,37.1700,282.9200,306.5800,89.6400
1033,4,676.0000,5746.0000,356.3800,34.5200,262.7100,284.6800,83.2300
1033,5,704.0000,5984.0000,371.1400,35.9500,273.5900,296.4700,86.6800
1033,6,700.0000,5950.0000,369.0300,35.7400,272.0400,294.7900,86.1900
1033,7,676.0000,5746.0000,356.3800,34.5200,262.7100,284.6800,83.2300
1033,8,740.0000,6290.0000,390.1200,37.7900,287.5800,311.6300,91.1100
1033,9,700.0000,5950.0000,369.0300,35.7400,272.0400,294.7900,86.1900
1033,10,718.0000,6103.0000,378.4700,36.6600,252.0600,302.4900,88.4400
1033,11,748.0000,6358.0000,394.2800,38.1900,262.5900,315.1300,92.1400
1033,12,744.0000,6324.0000,392.1800,37.9900,261.1900,313.4400,91.6400
1034,1,168.0000,1428.0000,88.6200,8.6100,65.3100,70.7700,20.5800
1034,2,168.0000,1428.0000,88.6200,8.6100,65.3100,70.7700,20.5800
1034,3,184.0000,1564.0000,97.0600,9.4300,71.5300,77.5100,22.5400
1034,4,168.0000,1428.0000,88.6200,8.6100,65.3100,70.7700,20.5800
1034,5,176.0000,1496.0000,92.8400,9.0200,68.4200,74.1400,21.5600
1034,6,176.0000,1496.0000,92.8400,9.0200,68.4200,74.1400,21.5600
1034,7,168.0000,1428.0000,88.6200,8.6100,65.3100,70.7700,20.5800
1034,8,184.0000,1564.0000,97.0600,9.4300,71.5300,77.5100,22.5400
1034,9,176.0000,1496.0000,92.8400,9.0200,68.4200,74.1400,21.5600
1034,10,168.0000,1428.0000,88.6200,8.6100,65.3100,70.7700,20.5800
1034,11,176.0000,1496.0000,92.8400,9.0200,68.4200,74.1400,21.5600
1034,12,176.0000,1496.0000,92.8400,9.0200,68.4200,74.1400,21.5600
1035,1,84.0000,714.0000,44.3100,4.2000,32.5500,35.2800,10.5000
1035,2,84.0000,714.0000,44.3100,4.2000,32.5500,35.2800,10.5000
1035,3,92.0000,782.0000,48.5300,4.6000,35.6500,38.6400,11.5000
1035,4,84.0000,714.0000,44.3100,4.2000,32.5500,35.2800,10.5000
1035,5,88.0000,748.0000,46.4200,4.4000,34.1000,36.9600,11.0000
1035,6,88.0000,748.0000,46.4200,4.4000,34.1000,36.9600,11.0000
1035,7,84.0000,714.0000,44.3100,4.2000,32.5500,35.2800,10.5000
1035,8,92.0000,782.0000,48.5300,4.6000,35.6500,38.6400,11.5000
1035,9,84.0000,714.0000,44.3100,4.2000,32.5500,35.2800,10.5000
1035,10,88.0000,748.0000,46.4200,4.4000,34.1000,36.9600,11.0000
1035,11,88.0000,748.0000,46.4200,4.4000,34.1000,36.9600,11.0000
1035,12,88.0000,748.0000,46.4200,4.4000,34.1000,36.9600,11.0000
1037,1,63.0000,535.5000,33.1800,3.1500,24.3600,26.4600,7.9800
1037,2,63.0000,535.5000,33.1800,3.1500,24.3600,26.4600,7.9800
1037,3,69.0000,586.5000,36.3400,3.4500,26.6800,28.9800,8.7400
1037,4,63.0000,535.5000,33.1800,3.1500,24.3600,26.4600,7.9800
1037,5,66.0000,561.0000,34.7600,3.3000,25.5200,27.7200,8.3600
1037,6,66.0000,561.0000,34.7600,3.3000,25.5200,27.7200,8.3600
1037,7,63.0000,535.5000,33.1800,3.1500,24.3600,26.4600,7.9800
1037,8,69.0000,586.5000,36.3400,3.4500,26.6800,28.9800,8.7400
1037,9,66.0000,561.0000,34.7600,3.3000,25.5200,27.7200,8.3600
1037,10,63.0000,535.5000,33.1800,3.1500,24.3600,26.4600,7.9800
1037,11,66.0000,561.0000,34.7600,3.3000,25.5200,27.7200,8.3600
1037,12,66.0000,561.0000,34.7600,3.3000,25.5200,27.7200,8.3600
1041,1,73.5000,624.7500,38.8500,3.7800,25.8300,30.8700,9.0300
1041,2,73.5000,624.7500,38.8500,3.7800,25.8300,30.8700,9.0300
1041,3,80.5000,684.2500,42.5500,4.1400,28.2900,33.8100,9.8900
1041,4,73.5000,624.7500,38.8500,3.7800,25.8300,30.8700,9.0300
1041,5,77.0000,654.5000,40.7000,3.9600,27.0600,32.3400,9.4600
1041,6,77.0000,654.5000,40.7000,3.9600,27.0600,32.3400,9.4600
1041,7,73.5000,624.7500,38.8500,3.7800,25.8300,30.8700,9.0300
1041,8,80.5000,684.2500,42.5500,4.1400,28.2900,33.8100,9.8900
1041,9,77.0000,654.5000,40.7000,3.9600,27.0600,32.3400,9.4600
1041,10,73.5000,624.7500,38.8500,3.7800,25.8300,30.8700,9.0300
1041,11,77.0000,654.5000,40.7000,3.9600,27.0600,32.3400,9.4600
1041,12,77.0000,654.5000,40.7000,3.9600,27.0600,32.3400,9.4600
1051,1,430.5000,4047.7500,250.9500,24.3600,167.1600,200.5500,58.5900
1051,2,430.5000,4047.7500,250.9500,24.3600,167.1600,200.5500,58.5900
1051,3,471.5000,4433.2500,274.8500,26.6800,183.0800,219.6500,64.1700
1051,4,430.5000,4047.7500,250.9500,24.3600,167.1600,200.5500,58.5900
1051,5,451.0000,4240.5000,262.9000,25.5200,175.1200,210.1000,61.3800
1051,6,451.0000,4240.5000,262.9000,25.5200,175.1200,210.1000,61.3800
1051,7,430.5000,4047.7500,250.9500,24.3600,167.1600,200.5500,58.5900
1051,8,471.5000,4433.2500,274.8500,26.6800,183.0800,219.6500,64.1700
1051,9,451.0000,4240.5000,262.9000,25.5200,175.1200,210.1000,61.3800
1051,10,430.5000,4047.7500,250.9500,24.3600,167.1600,200.5500,58.5900
1051,11,451.0000,4240.5000,262.9000,25.5200,175.1200,210.1000,61.3800
1051,12,451.0000,4240.5000,262.9000,25.5200,175.1200,210.1000,61.3800
1053,1,441.0000,3748.5000,232.4700,22.4700,171.3600,185.6400,54.3900
1053,2,441.0000,3748.5000,232.4700,22.4700,171.3600,185.6400,54.3900
1053,3,483.0000,4105.5000,254.6100,24.6100,187.6800,203.3200,59.5700
1053,4,441.0000,3748.5000,232.4700,22.4700,171.3600,185.6400,54.3900
1053,5,462.0000,3927.0000,243.5400,23.5400,179.5200,194.4800,56.9800
1053,6,462.0000,3927.0000,243.5400,23.5400,179.5200,194.4800,56.9800
1053,7,441.0000,3748.5000,232.4700,22.4700,171.3600,185.6400,54.3900
1053,8,483.0000,4105.5000,254.6100,24.6100,187.6800,203.3200,59.5700
1053,9,462.0000,3927.0000,243.5400,23.5400,179.5200,194.4800,56.9800
1053,10,441.0000,3748.5000,232.4700,22.4700,171.3600,185.6400,54.3900
1053,11,462.0000,3927.0000,243.5400,23.5400,179.5200,194.4800,56.9800
1053,12,462.0000,3927.0000,243.5400,23.5400,179.5200,194.4800,56.9800
1055,1,57.0000,484.5000,29.9500,2.8500,22.1800,23.9400,7.1500
1055,2,54.0000,459.0000,28.3700,2.7000,21.0200,22.6800,6.7700
1055,3,58.0000,493.0000,30.4700,2.9000,22.5800,24.3600,7.2700
1055,4,57.0000,484.5000,29.9500,2.8500,22.1800,23.9400,7.1500
1055,5,56.0000,476.0000,29.4200,2.8000,21.8000,23.5200,7.0200
1055,6,56.0000,476.0000,29.4200,2.8000,21.8000,23.5200,7.0200
1055,7,57.0000,484.5000,29.9500,2.8500,22.1800,23.9400,7.1500
1055,8,58.0000,493.0000,30.4700,2.9000,22.5800,24.3600,7.2700
1055,9,56.0000,476.0000,29.4200,2.8000,21.8000,23.5200,7.0200
1055,10,57.0000,484.5000,29.9500,2.8500,22.1800,23.9400,7.1500
1055,11,56.0000,476.0000,29.4200,2.8000,21.8000,23.5200,7.0200
1055,12,59.0000,501.5000,31.0000,2.9500,22.9600,24.7800,7.4000
1056,1,84.0000,714.0000,44.3100,4.2000,32.5500,35.2800,10.5000
1056,2,84.0000,714.0000,44.3100,4.2000,32.5500,35.2800,10.5000
1056,3,92.0000,782.0000,48.5300,4.6000,35.6500,38.6400,11.5000
1056,4,84.0000,714.0000,44.3100,4.2000,32.5500,35.2800,10.5000
1056,5,84.0000,714.0000,44.3100,4.2000,32.5500,35.2800,10.5000
1056,6,88.0000,748.0000,46.4200,4.4000,34.1000,36.9600,11.0000
1056,7,80.0000,680.0000,42.2000,4.0000,31.0000,33.6000,10.0000
1056,8,92.0000,782.0000,48.5300,4.6000,35.6500,38.6400,11.5000
1056,9,84.0000,714.0000,44.3100,4.2000,32.5500,35.2800,10.5000
1056,10,84.0000,714.0000,44.3100,4.2000,32.5500,35.2800,10.5000
1056,11,84.0000,714.0000,44.3100,4.2000,32.5500,35.2800,10.5000
1056,12,84.0000,714.0000,44.3100,4.2000,32.5500,35.2800,10.5000
1057,1,441.0000,3958.5000,245.4900,23.7300,180.8100,196.1400,57.3300
1057,2,441.0000,3958.5000,245.4900,23.7300,180.8100,196.1400,57.3300
1057,3,483.0000,4335.5000,268.8700,25.9900,198.0300,214.8200,62.7900
1057,4,441.0000,3958.5000,245.4900,23.7300,180.8100,196.1400,57.3300
1057,5,462.0000,4147.0000,257.1800,24.8600,189.4200,205.4800,60.0600
1057,6,462.0000,4147.0000,257.1800,24.8600,189.4200,205.4800,60.0600
1057,7,441.0000,3958.5000,245.4900,23.7300,180.8100,196.1400,57.3300
1057,8,483.0000,4335.5000,268.8700,25.9900,198.0300,214.8200,62.7900
1057,9,462.0000,4147.0000,257.1800,24.8600,189.4200,205.4800,60.0600
1057,10,441.0000,3958.5000,245.4900,23.7300,180.8100,196.1400,57.3300
1057,11,462.0000,4147.0000,257.1800,24.8600,189.4200,205.4800,60.0600
1057,12,462.0000,4147.0000,257.1800,24.8600,189.4200,205.4800,60.0600
1058,1,672.0000,4620.0000,286.4400,27.7200,211.0500,228.9000,66.9900
1058,2,672.0000,4620.0000,286.4400,27.7200,211.0500,228.9000,66.9900
1058,3,736.0000,5060.0000,313.7200,30.3600,231.1500,250.7000,73.3700
1058,4,672.0000,4620.0000,286.4400,27.7200,211.0500,228.9000,66.9900
1058,5,704.0000,4840.0000,300.0800,29.0400,221.1000,239.8000,70.1800
1058,6,704.0000,4840.0000,300.0800,29.0400,221.1000,239.8000,70.1800
1058,7,672.0000,4620.0000,286.4400,27.7200,211.0500,228.9000,66.9900
1058,8,736.0000,5060.0000,313.7200,30.3600,231.1500,250.7000,73.3700
1058,9,704.0000,4840.0000,300.0800,29.0400,221.1000,239.8000,70.1800
1058,10,672.0000,4620.0000,286.4400,27.7200,211.0500,228.9000,66.9900
1058,11,704.0000,4840.0000,300.0800,29.0400,221.1000,239.8000,70.1800
1058,12,704.0000,4840.0000,300.0800,29.0400,221.1000,239.8000,70.1800
1060,1,147.0000,1249.5000,77.4900,7.5600,57.1200,61.9500,18.0600
1060,2,147.0000,1249.5000,77.4900,7.5600,57.1200,61.9500,18.0600
1060,3,161.0000,1368.5000,84.8700,8.2800,62.5600,67.8500,19.7800
1060,4,147.0000,1249.5000,77.4900,7.5600,57.1200,61.9500,18.0600
1060,5,154.0000,1309.0000,81.1800,7.9200,59.8400,64.9000,18.9200
1060,6,154.0000,1309.0000,81.1800,7.9200,59.8400,64.9000,18.9200
1060,7,147.0000,1249.5000,77.4900,7.5600,57.1200,61.9500,18.0600
1060,8,161.0000,1368.5000,84.8700,8.2800,62.5600,67.8500,19.7800
1060,9,154.0000,1309.0000,81.1800,7.9200,59.8400,64.9000,18.9200
1060,10,147.0000,1249.5000,77.4900,7.5600,57.1200,61.9500,18.0600
1060,11,154.0000,1309.0000,81.1800,7.9200,59.8400,64.9000,18.9200
1060,12,154.0000,1309.0000,81.1800,7.9200,59.8400,64.9000,18.9200
1061,1,315.0000,1926.7500,119.4900,11.5500,87.9900,95.3400,27.9300
1061,2,315.0000,1926.7500,119.4900,11.5500,87.9900,95.3400,27.9300
1061,3,345.0000,2110.2500,130.8700,12.6500,96.3700,104.4200,30.5900
1061,4,315.0000,1926.7500,119.4900,11.5500,87.9900,95.3400,27.9300
1061,5,330.0000,2018.5000,125.1800,12.1000,92.1800,99.8800,29.2600
1061,6,330.0000,2018.5000,125.1800,12.1000,92.1800,99.8800,29.2600
1061,7,315.0000,1926.7500,119.4900,11.5500,87.9900,95.3400,27.9300
1061,8,345.0000,2110.2500,130.8700,12.6500,96.3700,104.4200,30.5900
1061,9,330.0000,2018.5000,125.1800,12.1000,92.1800,99.8800,29.2600
1061,10,294.0000,1816.5000,112.5600,10.7100,74.9700,89.8800,26.6700
1061,11,308.0000,1903.0000,117.9200,11.2200,78.5400,94.1600,27.9400
1061,12,308.0000,1903.0000,117.9200,11.2200,78.5400,94.1600,27.9400
1065,1,73.5000,624.7500,38.8500,3.7800,28.5600,30.8700,9.0300
1065,2,73.5000,624.7500,38.8500,3.7800,28.5600,30.8700,9.0300
1065,3,80.5000,684.2500,42.5500,4.1400,31.2800,33.8100,9.8900
1065,4,73.5000,624.7500,38.8500,3.7800,28.5600,30.8700,9.0300
1065,5,77.0000,654.5000,40.7000,3.9600,29.9200,32.3400,9.4600
1065,6,77.0000,654.5000,40.7000,3.9600,29.9200,32.3400,9.4600
1065,7,73.5000,624.7500,38.8500,3.7800,28.5600,30.8700,9.0300
1065,8,80.5000,684.2500,42.5500,4.1400,31.2800,33.8100,9.8900
1065,9,77.0000,654.5000,40.7000,3.9600,29.9200,32.3400,9.4600
1065,10,73.5000,624.7500,38.8500,3.7800,28.5600,30.8700,9.0300
1065,11,77.0000,654.5000,40.7000,3.9600,29.9200,32.3400,9.4600
1065,12,77.0000,654.5000,40.7000,3.9600,29.9200,32.3400,9.4600
1066,1,1444.5000,12509.2500,775.5400,75.0800,571.6700,619.7500,181.4900
1066,2,1446.0000,12522.0000,776.3300,75.1600,572.2600,620.3900,181.6600
1066,3,1581.5000,13695.7500,849.1000,82.2000,599.6700,678.5100,198.6300
1066,4,1444.5000,12509.2500,775.5400,75.0800,516.6200,619.7100,181.3200
1066,5,1514.5000,13115.2500,813.1100,78.7200,541.6500,649.7300,190.1000
1066,6,1513.0000,13102.5000,812.3200,78.6400,541.1200,649.1000,189.9200
1066,7,1444.5000,12509.2500,775.5400,75.0800,516.6200,619.7100,181.3200
1066,8,1583.0000,13708.5000,849.8900,82.2800,566.1500,679.1200,198.7000
1066,9,1513.0000,13102.5000,812.3200,78.6400,541.1200,649.1000,189.9200
1066,10,1387.2000,11904.6000,738.1100,71.3800,491.6900,0.6300,172.5200
1066,11,1451.4000,12455.7000,772.2800,74.6800,514.4600,0.6600,180.5000
1066,12,1451.4000,12455.7000,772.2800,74.6800,514.4600,0.6600,180.5000
1067,1,42.0000,357.0000,22.0500,2.1000,16.3800,17.6400,5.2500
1067,2,42.0000,357.0000,22.0500,2.1000,16.3800,17.6400,5.2500
1067,3,46.0000,391.0000,24.1500,2.3000,17.9400,19.3200,5.7500
1067,4,42.0000,357.0000,22.0500,2.1000,16.3800,17.6400,5.2500
1067,5,44.0000,374.0000,23.1000,2.2000,17.1600,18.4800,5.5000
1067,6,44.0000,374.0000,23.1000,2.2000,17.1600,18.4800,5.5000
1067,7,42.0000,357.0000,22.0500,2.1000,16.3800,17.6400,5.2500
1067,8,46.0000,391.0000,24.1500,2.3000,17.9400,19.3200,5.7500
1067,9,44.0000,374.0000,23.1000,2.2000,17.1600,18.4800,5.5000
1067,10,42.0000,357.0000,22.0500,2.1000,16.3800,17.6400,5.2500
1067,11,44.0000,374.0000,23.1000,2.2000,17.1600,18.4800,5.5000
1067,12,44.0000,374.0000,23.1000,2.2000,17.1600,18.4800,5.5000
1068,1,63.0000,535.5000,33.1800,3.1500,24.3600,26.4600,7.9800
1068,2,63.0000,535.5000,33.1800,3.1500,24.3600,26.4600,7.9800
1068,3,69.0000,586.5000,36.3400,3.4500,26.6800,28.9800,8.7400
1068,4,63.0000,535.5000,33.1800,3.1500,24.3600,26.4600,7.9800
1068,5,66.0000,561.0000,34.7600,3.3000,25.5200,27.7200,8.3600
1068,6,66.0000,561.0000,34.7600,3.3000,25.5200,27.7200,8.3600
1068,7,63.0000,535.5000,33.1800,3.1500,24.3600,26.4600,7.9800
1068,8,69.0000,586.5000,36.3400,3.4500,26.6800,28.9800,8.7400
1068,9,66.0000,561.0000,34.7600,3.3000,25.5200,27.7200,8.3600
1068,10,63.0000,535.5000,33.1800,3.1500,24.3600,26.4600,7.9800
1068,11,66.0000,561.0000,34.7600,3.3000,25.5200,27.7200,8.3600
1068,12,66.0000,561.0000,34.7600,3.3000,25.5200,27.7200,8.3600
1069,1,63.0000,535.5000,33.1800,3.1500,24.3600,26.4600,7.9800
1069,2,63.0000,535.5000,33.1800,3.1500,24.3600,26.4600,7.9800
1069,3,69.0000,586.5000,36.3400,3.4500,26.6800,28.9800,8.7400
1069,4,63.0000,535.5000,33.1800,3.1500,24.3600,26.4600,7.9800
1069,5,66.0000,561.0000,34.7600,3.3000,25.5200,27.7200,8.3600
1069,6,66.0000,561.0000,34.7600,3.3000,25.5200,27.7200,8.3600
1069,7,63.0000,535.5000,33.1800,3.1500,24.3600,26.4600,7.9800
1069,8,69.0000,586.5000,36.3400,3.4500,26.6800,28.9800,8.7400
1069,9,66.0000,561.0000,34.7600,3.3000,25.5200,27.7200,8.3600
1069,10,84.0000,714.0000,44.3100,4.2000,29.4000,35.2800,10.5000
1069,11,88.0000,748.0000,46.4200,4.4000,30.8000,36.9600,11.0000
1069,12,88.0000,748.0000,46.4200,4.4000,30.8000,36.9600,11.0000
1070,1,42.0000,357.0000,22.0500,2.1000,16.3800,17.6400,5.2500
1070,2,42.0000,357.0000,22.0500,2.1000,16.3800,17.6400,5.2500
1070,3,46.0000,391.0000,24.1500,2.3000,17.9400,19.3200,5.7500
1070,4,42.0000,357.0000,22.0500,2.1000,16.3800,17.6400,5.2500
1070,5,44.0000,374.0000,23.1000,2.2000,17.1600,18.4800,5.5000
1070,6,44.0000,374.0000,23.1000,2.2000,17.1600,18.4800,5.5000
1070,7,42.0000,357.0000,22.0500,2.1000,16.3800,17.6400,5.2500
1070,8,46.0000,391.0000,24.1500,2.3000,17.9400,19.3200,5.7500
1070,9,44.0000,374.0000,23.1000,2.2000,17.1600,18.4800,5.5000
1070,10,42.0000,357.0000,22.0500,2.1000,16.3800,17.6400,5.2500
1070,11,44.0000,374.0000,23.1000,2.2000,17.1600,18.4800,5.5000
1070,12,44.0000,374.0000,23.1000,2.2000,17.1600,18.4800,5.5000
1071,1,84.0000,714.0000,44.3100,4.2000,29.4000,35.2800,10.5000
1071,2,84.0000,714.0000,44.3100,4.2000,29.4000,35.2800,10.5000
1071,3,92.0000,782.0000,48.5300,4.6000,32.2000,38.6400,11.5000
1071,4,84.0000,714.0000,44.3100,4.2000,29.4000,35.2800,10.5000
1071,5,88.0000,748.0000,46.4200,4.4000,30.8000,36.9600,11.0000
1071,6,88.0000,748.0000,46.4200,4.4000,30.8000,36.9600,11.0000
1071,7,84.0000,714.0000,44.3100,4.2000,29.4000,35.2800,10.5000
1071,8,92.0000,782.0000,48.5300,4.6000,32.2000,38.6400,11.5000
1071,9,88.0000,748.0000,46.4200,4.4000,30.8000,36.9600,11.0000
1071,10,84.0000,714.0000,44.3100,4.2000,29.4000,35.2800,10.5000
1071,11,88.0000,748.0000,46.4200,4.4000,30.8000,36.9600,11.0000
1071,12,88.0000,748.0000,46.4200,4.4000,30.8000,36.9600,11.0000
1072,1,63.0000,535.5000,33.1800,3.1500,24.3600,26.4600,7.9800
1072,2,63.0000,535.5000,33.1800,3.1500,24.3600,26.4600,7.9800
1072,3,69.0000,586.5000,36.3400,3.4500,26.6800,28.9800,8.7400
1072,4,63.0000,535.5000,33.1800,3.1500,24.3600,26.4600,7.9800
1072,5,66.0000,561.0000,34.7600,3.3000,25.5200,27.7200,8.3600
1072,6,66.0000,561.0000,34.7600,3.3000,25.5200,27.7200,8.3600
1072,7,63.0000,535.5000,33.1800,3.1500,24.3600,26.4600,7.9800
1072,8,69.0000,586.5000,36.3400,3.4500,26.6800,28.9800,8.7400
1072,9,66.0000,561.0000,34.7600,3.3000,25.5200,27.7200,8.3600
1072,10,63.0000,535.5000,33.1800,3.1500,24.3600,26.4600,7.9800
1072,11,66.0000,561.0000,34.7600,3.3000,25.5200,27.7200,8.3600
1072,12,66.0000,561.0000,34.7600,3.3000,25.5200,27.7200,8.3600
1073,1,18.0000,153.0000,9.4500,0.9000,7.0200,7.5600,2.2500
1073,2,16.0000,136.0000,8.4000,0.8000,6.2400,6.7200,2.0000
1073,3,18.0000,153.0000,9.4500,0.9000,7.0200,7.5600,2.2500
1073,4,18.0000,153.0000,9.4500,0.9000,7.0200,7.5600,2.2500
1073,5,18.0000,153.0000,9.4500,0.9000,7.0200,7.5600,2.2500
1073,6,16.0000,136.0000,8.4000,0.8000,6.2400,6.7200,2.0000
1073,7,18.0000,153.0000,9.4500,0.9000,7.0200,7.5600,2.2500
1073,8,18.0000,153.0000,9.4500,0.9000,7.0200,7.5600,2.2500
1073,9,18.0000,153.0000,9.4500,0.9000,7.0200,7.5600,2.2500
1073,10,16.0000,136.0000,8.4000,0.8000,6.2400,6.7200,2.0000
1073,11,18.0000,153.0000,9.4500,0.9000,7.0200,7.5600,2.2500
1073,12,18.0000,153.0000,9.4500,0.9000,7.0200,7.5600,2.2500
1074,1,42.0000,357.0000,22.0500,2.1000,16.3800,17.6400,5.2500
1074,2,42.0000,357.0000,22.0500,2.1000,16.3800,17.6400,5.2500
1074,3,46.0000,391.0000,24.1500,2.3000,17.9400,19.3200,5.7500
1074,4,42.0000,357.0000,22.0500,2.1000,16.3800,17.6400,5.2500
1074,5,42.0000,357.0000,22.0500,2.1000,16.3800,17.6400,5.2500
1074,6,44.0000,374.0000,23.1000,2.2000,17.1600,18.4800,5.5000
1074,7,40.0000,340.0000,21.0000,2.0000,15.6000,16.8000,5.0000
1074,8,46.0000,391.0000,24.1500,2.3000,17.9400,19.3200,5.7500
1074,9,42.0000,357.0000,22.0500,2.1000,16.3800,17.6400,5.2500
1074,10,42.0000,357.0000,22.0500,2.1000,16.3800,17.6400,5.2500
1074,11,42.0000,357.0000,22.0500,2.1000,16.3800,17.6400,5.2500
1074,12,42.0000,357.0000,22.0500,2.1000,16.3800,17.6400,5.2500
1075,10,25.2000,0.0000,,,,,
1075,11,26.4000,0.0000,,,,,
1075,12,26.4000,0.0000,,,,,
1076,10,16.8000,0.0000,,,,,
1076,11,16.8000,0.0000,,,,,
1076,12,16.8000,0.0000,,,,,
1077,6,44.0000,396.0000,24.6400,2.4200,16.2800,19.5800,5.7200
1077,7,40.0000,360.0000,22.4000,2.2000,14.8000,17.8000,5.2000
1077,8,46.0000,414.0000,25.7600,2.5300,17.0200,20.4700,5.9800
1077,9,42.0000,378.0000,23.5200,2.3100,15.5400,18.6900,5.4600
1077,10,84.0000,378.0000,23.5200,2.3100,15.5400,18.6900,5.4600
1077,11,84.0000,378.0000,23.5200,2.3100,15.5400,18.6900,5.4600
1077,12,84.0000,378.0000,23.5200,2.3100,15.5400,18.6900,5.4600
3000,1,5721.5000,48632.7500,3015.1900,291.7800,2222.5200,2409.4800,705.1900
3000,2,5700.5000,48454.2500,3004.1200,290.7100,2214.3600,2400.6300,702.6100
3000,3,6238.5000,53027.2500,3287.6500,318.1500,2423.3500,2627.1900,768.9200
3000,4,5708.0000,48518.0000,3008.0700,291.0900,2217.2700,2403.7900,703.5400
3000,5,5976.5000,50800.2500,3149.5800,304.7900,2321.5800,2516.8600,736.6100
3000,6,5976.0000,50796.0000,3149.3100,304.7600,2321.3800,2516.6500,736.5700
3000,7,5721.5000,48632.7500,3015.1900,291.7800,2222.5200,2409.4800,705.1900
3000,8,6236.5000,53010.2500,3286.5900,318.0500,2422.5700,2626.3500,768.6700
3000,9,5969.0000,50736.5000,3145.6200,304.4000,2318.6600,2513.7000,735.7100
3000,10,5895.8000,48632.7500,3015.2300,291.7800,2008.5700,2409.4300,705.1600
3000,11,6152.6000,50745.0000,3146.1900,304.4600,2095.8000,2514.0800,735.7800
3000,12,6159.1000,50800.2500,3149.6200,304.7800,2098.0900,2516.8200,736.5800
3001,1,8248.0000,72092.0000,4469.7700,432.6000,2977.3800,3571.8100,1045.2900
3001,2,8039.0000,70271.5000,4356.8900,421.6800,2902.2000,3481.6100,1018.8900
3001,3,8725.0000,76270.5000,4728.8300,457.6800,3149.9600,3778.8300,1105.8700
3001,4,8143.5000,71181.7500,4413.3300,427.1400,2939.7900,3526.7100,1032.0900
3001,5,8486.5000,74181.2500,4599.3000,445.1400,3063.6700,3675.3200,1075.5800
3001,6,8382.0000,73271.0000,4542.8600,439.6800,3026.0800,3630.2200,1062.3800
3001,7,8248.0000,72092.0000,4469.7700,432.6000,2977.3800,3571.8100,1045.2900
3001,8,8725.0000,76270.5000,4728.8300,457.6800,3149.9600,3778.8300,1105.8700
3001,9,8382.0000,73271.0000,4542.8600,439.6800,3026.0800,3630.2200,1062.3800
3001,10,8248.0000,72092.0000,4469.7700,432.6000,2977.3800,3571.8100,1045.2900
3001,11,8382.0000,73271.0000,4542.8600,439.6800,3026.0800,3630.2200,1062.3800
3001,12,8486.5000,74181.2500,4599.3000,445.1400,3063.6700,3675.3200,1075.5800
3003,1,336.0000,2856.0000,177.0300,17.2200,118.0200,141.5400,41.1600
3003,2,336.0000,2856.0000,177.0300,17.2200,118.0200,141.5400,41.1600
3003,3,368.0000,3128.0000,193.8900,18.8600,129.2600,155.0200,45.0800
3003,4,336.0000,2856.0000,177.0300,17.2200,118.0200,141.5400,41.1600
3003,5,352.0000,2992.0000,185.4600,18.0400,123.6400,148.2800,43.1200
3003,6,352.0000,2992.0000,185.4600,18.0400,123.6400,148.2800,43.1200
3003,7,336.0000,2856.0000,177.0300,17.2200,118.0200,141.5400,41.1600
3003,8,368.0000,3128.0000,193.8900,18.8600,129.2600,155.0200,45.0800
3003,9,352.0000,2992.0000,185.4600,18.0400,123.6400,148.2800,43.1200
3003,10,520.8000,2856.0000,177.0300,17.2200,118.0200,141.5400,41.1600
3003,11,545.6000,2992.0000,185.4600,18.0400,123.6400,148.2800,43.1200
3003,12,545.6000,2992.0000,185.4600,18.0400,123.6400,148.2800,43.1200
3004,1,168.0000,1428.0000,88.6200,8.6100,65.3100,70.7700,20.5800
3004,2,168.0000,1428.0000,88.6200,8.6100,65.3100,70.7700,20.5800
3004,3,184.0000,1564.0000,97.0600,9.4300,71.5300,77.5100,22.5400
3004,4,168.0000,1428.0000,88.6200,8.6100,65.3100,70.7700,20.5800
3004,5,176.0000,1496.0000,92.8400,9.0200,68.4200,74.1400,21.5600
3004,6,176.0000,1496.0000,92.8400,9.0200,68.4200,74.1400,21.5600
3004,7,168.0000,1428.0000,88.6200,8.6100,65.3100,70.7700,20.5800
3004,8,184.0000,1564.0000,97.0600,9.4300,71.5300,77.5100,22.5400
3004,9,176.0000,1496.0000,92.8400,9.0200,68.4200,74.1400,21.5600
3004,10,168.0000,1428.0000,88.6200,8.6100,65.3100,70.7700,20.5800
3004,11,176.0000,1496.0000,92.8400,9.0200,68.4200,74.1400,21.5600
3004,12,176.0000,1496.0000,92.8400,9.0200,68.4200,74.1400,21.5600
3005,1,15.0000,127.5000,7.9000,0.7500,5.2500,6.3000,1.9000
3005,2,12.0000,102.0000,6.3200,0.6000,4.2000,5.0400,1.5200
3005,3,12.0000,102.0000,6.3200,0.6000,4.2000,5.0400,1.5200
3005,4,15.0000,127.5000,7.9000,0.7500,5.2500,6.3000,1.9000
3005,5,12.0000,102.0000,6.3200,0.6000,4.2000,5.0400,1.5200
3005,6,12.0000,102.0000,6.3200,0.6000,4.2000,5.0400,1.5200
3005,7,15.0000,127.5000,7.9000,0.7500,5.2500,6.3000,1.9000
3005,8,12.0000,102.0000,6.3200,0.6000,4.2000,5.0400,1.5200
3005,9,15.0000,127.5000,7.9000,0.7500,5.2500,6.3000,1.9000
3005,10,12.0000,102.0000,6.3200,0.6000,4.2000,5.0400,1.5200
3005,11,12.0000,102.0000,6.3200,0.6000,4.2000,5.0400,1.5200
3005,12,15.0000,127.5000,7.9000,0.7500,5.2500,6.3000,1.9000
3006,1,73.5000,624.7500,38.8500,3.7800,25.8300,30.8700,9.0300
3006,2,73.5000,624.7500,38.8500,3.7800,25.8300,30.8700,9.0300
3006,3,80.5000,684.2500,42.5500,4.1400,28.2900,33.8100,9.8900
3006,4,73.5000,624.7500,38.8500,3.7800,25.8300,30.8700,9.0300
3006,5,77.0000,654.5000,40.7000,3.9600,27.0600,32.3400,9.4600
3006,6,77.0000,654.5000,40.7000,3.9600,27.0600,32.3400,9.4600
3006,7,73.5000,624.7500,38.8500,3.7800,25.8300,30.8700,9.0300
3006,8,80.5000,684.2500,42.5500,4.1400,28.2900,33.8100,9.8900
3006,9,77.0000,654.5000,40.7000,3.9600,27.0600,32.3400,9.4600
3006,10,73.5000,624.7500,38.8500,3.7800,25.8300,30.8700,9.0300
3006,11,77.0000,654.5000,40.7000,3.9600,27.0600,32.3400,9.4600
3006,12,77.0000,654.5000,40.7000,3.9600,27.0600,32.3400,9.4600
3008,1,1176.0000,8904.0000,552.0900,53.3400,367.7100,441.2100,129.1500
3008,2,1176.0000,8904.0000,552.0900,53.3400,367.7100,441.2100,129.1500
3008,3,1288.0000,9752.0000,604.6700,58.4200,402.7300,483.2300,141.4500
3008,4,1199.0000,9069.5000,562.3500,54.3300,374.5400,449.4100,131.5600
3008,5,2336.0000,18196.0000,1128.2800,109.1200,751.5600,901.3600,263.7400
3008,6,2336.0000,18196.0000,1128.2800,109.1200,751.5600,901.3600,263.7400
3008,7,2257.0000,17564.5000,1089.1200,105.3300,725.4700,870.0800,254.6000
3008,8,2438.0000,18993.0000,1177.7000,113.9000,784.4800,940.8400,275.2900
3008,9,2336.0000,18196.0000,1128.2800,109.1200,751.5600,901.3600,263.7400
3008,10,2189.8000,16993.3000,1053.6300,101.9700,701.7400,841.9400,246.4100
3008,11,2265.6000,17597.6000,1091.1000,105.6000,726.7000,871.8800,255.1600
3008,12,2288.6000,17763.1000,1101.3600,106.5900,733.5300,880.0800,257.5700
3012,1,2412.0000,20575.8000,1275.7200,123.4400,849.8200,1019.4000,298.4300
3012,2,2400.0000,20479.2000,1269.7200,122.8600,845.8400,1014.6000,297.0400
3012,3,2624.0000,22392.8000,1388.3600,134.3400,924.8800,1109.4000,324.8000
3012,4,2400.0000,20479.2000,1269.7300,122.8600,845.8300,1014.6100,297.0300
3012,5,2524.0000,21532.6000,1335.0300,129.1800,889.3500,1066.7900,312.3200
3012,6,2512.0000,21436.0000,1329.0400,128.6000,885.3600,1062.0000,310.9200
3012,7,2412.0000,20575.8000,1275.7200,123.4400,849.8200,1019.4000,298.4300
3012,8,2624.0000,22392.8000,1388.3600,134.3400,924.8800,1109.4000,324.8000
3012,9,2456.0000,20969.6000,1300.1300,125.8000,866.0900,1038.9000,304.1500
3012,10,2645.6800,20252.2800,1255.7000,121.4600,836.4300,1003.2300,293.7200
3012,11,2689.7600,20574.9600,1275.7200,123.4000,849.7600,1019.2200,298.3800
3012,12,2689.7600,20574.9600,1275.7100,123.3900,849.7600,1019.2200,298.3900
3015,1,168.0000,1428.0000,88.6200,8.6100,59.0100,70.7700,20.5800
3015,2,168.0000,1428.0000,88.6200,8.6100,59.0100,70.7700,20.5800
3015,3,184.0000,1564.0000,97.0600,9.4300,64.6300,77.5100,22.5400
3015,4,168.0000,1428.0000,88.6200,8.6100,59.0100,70.7700,20.5800
3015,5,176.0000,1496.0000,92.8400,9.0200,61.8200,74.1400,21.5600
3015,6,176.0000,1496.0000,92.8400,9.0200,61.8200,74.1400,21.5600
3015,7,168.0000,1428.0000,88.6200,8.6100,59.0100,70.7700,20.5800
3015,8,184.0000,1564.0000,97.0600,9.4300,64.6300,77.5100,22.5400
3015,9,176.0000,1496.0000,92.8400,9.0200,61.8200,74.1400,21.5600
3015,10,168.0000,1428.0000,88.6200,8.6100,59.0100,70.7700,20.5800
3015,11,176.0000,1496.0000,92.8400,9.0200,61.8200,74.1400,21.5600
3015,12,176.0000,1496.0000,92.8400,9.0200,61.8200,74.1400,21.5600
3016,1,976.5000,8300.2500,514.5000,49.7700,342.7200,411.1800,120.5400
3016,2,976.5000,8300.2500,514.5000,49.7700,342.7200,411.1800,120.5400
3016,3,1069.5000,9090.7500,563.5000,54.5100,375.3600,450.3400,132.0200
3016,4,976.5000,8300.2500,514.5000,49.7700,342.7200,411.1800,120.5400
3016,5,1023.0000,8695.5000,539.0000,52.1400,359.0400,430.7600,126.2800
3016,6,1023.0000,8695.5000,539.0000,52.1400,359.0400,430.7600,126.2800
3016,7,976.5000,8300.2500,514.5000,49.7700,342.7200,411.1800,120.5400
3016,8,1069.5000,9090.7500,563.5000,54.5100,375.3600,450.3400,132.0200
3016,9,1023.0000,8695.5000,539.0000,52.1400,359.0400,430.7600,126.2800
3016,10,1134.0000,9639.0000,597.6600,57.7500,398.1600,477.5400,139.6500
3016,11,1188.0000,10098.0000,626.1200,60.5000,417.1200,500.2800,146.3000
3016,12,1188.0000,10098.0000,626.1200,60.5000,417.1200,500.2800,146.3000
3017,1,168.0000,1428.0000,88.6200,8.6100,59.0100,70.7700,20.5800
3017,2,168.0000,1428.0000,88.6200,8.6100,59.0100,70.7700,20.5800
3017,3,184.0000,1564.0000,97.0600,9.4300,64.6300,77.5100,22.5400
3017,4,168.0000,1428.0000,88.6200,8.6100,59.0100,70.7700,20.5800
3017,5,176.0000,1496.0000,92.8400,9.0200,61.8200,74.1400,21.5600
3017,6,176.0000,1496.0000,92.8400,9.0200,61.8200,74.1400,21.5600
3017,7,168.0000,1428.0000,88.6200,8.6100,59.0100,70.7700,20.5800
3017,8,184.0000,1564.0000,97.0600,9.4300,64.6300,77.5100,22.5400
3017,9,176.0000,1496.0000,92.8400,9.0200,61.8200,74.1400,21.5600
3017,10,210.0000,1428.0000,88.6200,8.6100,59.0100,70.7700,20.5800
3017,11,220.0000,1496.0000,92.8400,9.0200,61.8200,74.1400,21.5600
3017,12,220.0000,1496.0000,92.8400,9.0200,61.8200,74.1400,21.5600
3019,1,1120.0000,9916.0000,614.7400,59.6000,409.4600,491.3000,143.6900
3019,2,1106.0000,9785.0000,606.6200,58.8100,404.0500,484.8100,141.7900
3019,3,1206.0000,10667.0000,661.3000,64.1100,440.4700,528.5100,154.5700
3019,4,906.0000,8021.0000,497.2600,48.2100,331.2100,397.4100,116.2300
3020,10,12.6000,0.0000,,,,,
3020,11,13.2000,0.0000,,,,,
3020,12,13.2000,0.0000,,,,,
3022,1,115.5000,981.7500,60.9000,5.8800,44.9400,48.7200,14.0700
3022,2,115.5000,981.7500,60.9000,5.8800,44.9400,48.7200,14.0700
3022,3,126.5000,1075.2500,66.7000,6.4400,49.2200,53.3600,15.4100
3022,4,115.5000,981.7500,60.9000,5.8800,44.9400,48.7200,14.0700
3022,5,121.0000,1028.5000,63.8000,6.1600,47.0800,51.0400,14.7400
3022,6,121.0000,1028.5000,63.8000,6.1600,47.0800,51.0400,14.7400
3022,7,115.5000,981.7500,60.9000,5.8800,44.9400,48.7200,14.0700
3022,8,126.5000,1075.2500,66.7000,6.4400,49.2200,53.3600,15.4100
3022,9,121.0000,1028.5000,63.8000,6.1600,47.0800,51.0400,14.7400
3022,10,115.5000,981.7500,60.9000,5.8800,44.9400,48.7200,14.0700
3022,11,121.0000,1028.5000,63.8000,6.1600,47.0800,51.0400,14.7400
3022,12,121.0000,1028.5000,63.8000,6.1600,47.0800,51.0400,14.7400
3024,1,168.0000,1428.0000,88.6200,8.6100,59.0100,70.7700,20.5800
3024,2,168.0000,1428.0000,88.6200,8.6100,59.0100,70.7700,20.5800
3024,3,184.0000,1564.0000,97.0600,9.4300,64.6300,77.5100,22.5400
3024,4,168.0000,1428.0000,88.6200,8.6100,59.0100,70.7700,20.5800
3024,5,176.0000,1496.0000,92.8400,9.0200,61.8200,74.1400,21.5600
3024,6,176.0000,1496.0000,92.8400,9.0200,61.8200,74.1400,21.5600
3024,7,168.0000,1428.0000,88.6200,8.6100,59.0100,70.7700,20.5800
3024,8,184.0000,1564.0000,97.0600,9.4300,64.6300,77.5100,22.5400
3024,9,176.0000,1496.0000,92.8400,9.0200,61.8200,74.1400,21.5600
3024,10,168.0000,1428.0000,88.6200,8.6100,59.0100,70.7700,20.5800
3024,11,176.0000,1496.0000,92.8400,9.0200,61.8200,74.1400,21.5600
3024,12,176.0000,1496.0000,92.8400,9.0200,61.8200,74.1400,21.5600
3025,1,2035.5000,17301.7500,1072.7600,103.7600,790.6100,857.3100,250.9400
3025,2,1987.5000,16893.7500,1047.4600,101.3200,771.9700,837.0900,245.0200
3025,3,2158.5000,18347.2500,1137.5800,110.0400,838.3900,909.1100,266.1000
3025,4,2011.5000,17097.7500,1060.1100,102.5400,781.2900,847.2000,247.9800
3025,5,2097.0000,17824.5000,1105.1700,106.9000,814.5000,883.2100,258.5200
3025,6,2073.0000,17620.5000,1092.5200,105.6800,805.1800,873.1000,255.5600
3025,7,2035.5000,17301.7500,1072.7600,103.7600,790.6100,857.3100,250.9400
3025,8,2158.5000,18347.2500,1137.5800,110.0400,838.3900,909.1100,266.1000
3025,9,2073.0000,17620.5000,1092.5200,105.6800,805.1800,873.1000,255.5600
3025,10,2035.5000,17301.7500,1072.7600,103.7600,790.6100,857.3100,250.9400
3025,11,2073.0000,17620.5000,1092.5200,105.6800,805.1800,873.1000,255.5600
3025,12,2097.0000,17824.5000,1105.1700,106.9000,814.5000,883.2100,258.5200
3027,1,2058.0000,17493.0000,1084.4400,105.0000,799.4700,866.6700,253.4700
3027,2,2058.0000,17493.0000,1084.4400,105.0000,799.4700,866.6700,253.4700
3027,3,2254.0000,19159.0000,1187.7200,115.0000,875.6100,949.2100,277.6100
3027,4,2058.0000,17493.0000,1084.4400,105.0000,799.4700,866.6700,253.4700
3027,5,2156.0000,18326.0000,1136.0800,110.0000,837.5400,907.9400,265.5400
3027,6,2156.0000,18326.0000,1136.0800,110.0000,837.5400,907.9400,265.5400
3027,7,2058.0000,17493.0000,1084.4400,105.0000,799.4700,866.6700,253.4700
3027,8,2254.0000,19159.0000,1187.7200,115.0000,875.6100,949.2100,277.6100
3027,9,2156.0000,18326.0000,1136.0800,110.0000,837.5400,907.9400,265.5400
3027,10,2058.0000,17493.0000,1084.4400,105.0000,799.4700,866.6700,253.4700
3027,11,2156.0000,18326.0000,1136.0800,110.0000,837.5400,907.9400,265.5400
3027,12,2156.0000,18326.0000,1136.0800,110.0000,837.5400,907.9400,265.5400
3029,1,921.0000,6756.0000,418.8600,40.4800,278.9900,334.5900,98.1900
3029,2,865.5000,6381.7500,395.6500,38.2400,263.5300,316.0600,92.7600
3029,3,937.0000,6843.2500,424.2600,41.0100,282.5900,338.9100,99.4700
3029,4,901.5000,6590.2500,408.5800,39.4900,272.1400,326.3800,95.7900
3029,5,920.5000,6800.5000,421.6200,40.7500,280.8300,336.8000,98.8300
3029,6,901.5000,6590.2500,408.5700,39.4900,272.1400,326.3800,95.8000
3029,7,921.0000,6756.0000,418.8600,40.4800,278.9900,334.5900,98.1900
3029,8,936.0000,6883.5000,426.7600,41.2500,284.2500,340.9100,100.0500
3029,9,902.5000,6598.7500,409.1000,39.5400,272.4900,326.8000,95.9200
3029,10,912.5000,6732.5000,417.4000,40.3400,278.0200,333.4300,97.8500
3029,11,908.5000,6649.7500,412.2700,39.8500,274.6000,329.3300,96.6500
3029,12,930.0000,6783.7500,420.5700,40.6500,280.1300,335.9600,98.6100
3031,1,325.5000,2766.7500,171.5700,16.5900,126.4200,137.1300,40.1100
3031,2,325.5000,2766.7500,171.5700,16.5900,126.4200,137.1300,40.1100
3031,3,356.5000,3030.2500,187.9100,18.1700,138.4600,150.1900,43.9300
3031,4,325.5000,2766.7500,171.5700,16.5900,126.4200,137.1300,40.1100
3031,5,341.0000,2898.5000,179.7400,17.3800,132.4400,143.6600,42.0200
3031,6,341.0000,2898.5000,179.7400,17.3800,132.4400,143.6600,42.0200
3031,7,325.5000,2766.7500,171.5700,16.5900,126.4200,137.1300,40.1100
3031,8,356.5000,3030.2500,187.9100,18.1700,138.4600,150.1900,43.9300
3031,9,341.0000,2898.5000,179.7400,17.3800,132.4400,143.6600,42.0200
3031,10,336.0000,2766.7500,171.5700,16.5900,114.2400,137.1300,40.1100
3031,11,352.0000,2898.5000,179.7400,17.3800,119.6800,143.6600,42.0200
3031,12,352.0000,2898.5000,179.7400,17.3800,119.6800,143.6600,42.0200
3033,1,756.0000,7896.0000,489.5100,47.4600,326.1300,391.2300,114.4500
3033,2,756.0000,7896.0000,489.5100,47.4600,326.1300,391.2300,114.4500
3033,3,828.0000,8648.0000,536.1300,51.9800,357.1900,428.4900,125.3500
3033,4,756.0000,7896.0000,489.5100,47.4600,326.1300,391.2300,114.4500
3033,5,792.0000,8272.0000,512.8200,49.7200,341.6600,409.8600,119.9000
3033,6,792.0000,8272.0000,512.8200,49.7200,341.6600,409.8600,119.9000
3033,7,756.0000,7896.0000,489.5100,47.4600,326.1300,391.2300,114.4500
3033,8,828.0000,8648.0000,536.1300,51.9800,357.1900,428.4900,125.3500
3033,9,792.0000,8272.0000,512.8200,49.7200,341.6600,409.8600,119.9000
3033,10,756.0000,7896.0000,489.5100,47.4600,326.1300,391.2300,114.4500
3033,11,792.0000,8272.0000,512.8200,49.7200,341.6600,409.8600,119.9000
3033,12,792.0000,8272.0000,512.8200,49.7200,341.6600,409.8600,119.9000
3034,1,117.0000,994.5000,61.6200,5.9800,41.0800,49.1400,14.5600
3034,2,112.5000,956.2500,59.2500,5.7500,39.5000,47.2500,14.0000
3034,3,121.5000,1032.7500,63.9900,6.2100,42.6600,51.0300,15.1200
3034,4,112.5000,956.2500,59.2500,5.7500,39.5000,47.2500,14.0000
3034,5,121.5000,1032.7500,63.9900,6.2100,42.6600,51.0300,15.1200
3034,6,117.0000,994.5000,61.6200,5.9800,41.0800,49.1400,14.5600
3034,7,117.0000,994.5000,61.6200,5.9800,41.0800,49.1400,14.5600
3034,8,121.5000,1032.7500,63.9900,6.2100,42.6600,51.0300,15.1200
3034,9,117.0000,994.5000,61.6200,5.9800,41.0800,49.1400,14.5600
3034,10,117.0000,994.5000,61.6200,5.9800,41.0800,49.1400,14.5600
3034,11,117.0000,994.5000,61.6200,5.9800,41.0800,49.1400,14.5600
3034,12,117.0000,994.5000,61.6200,5.9800,41.0800,49.1400,14.5600
3036,1,63.0000,535.5000,33.1800,3.1500,24.3600,26.4600,7.9800
3036,2,63.0000,535.5000,33.1800,3.1500,24.3600,26.4600,7.9800
3036,3,69.0000,586.5000,36.3400,3.4500,26.6800,28.9800,8.7400
3036,4,63.0000,535.5000,33.1800,3.1500,24.3600,26.4600,7.9800
3036,5,66.0000,561.0000,34.7600,3.3000,25.5200,27.7200,8.3600
3036,6,66.0000,561.0000,34.7600,3.3000,25.5200,27.7200,8.3600
3036,7,63.0000,535.5000,33.1800,3.1500,24.3600,26.4600,7.9800
3036,8,69.0000,586.5000,36.3400,3.4500,26.6800,28.9800,8.7400
3036,9,66.0000,561.0000,34.7600,3.3000,25.5200,27.7200,8.3600
3036,10,63.0000,535.5000,33.1800,3.1500,24.3600,26.4600,7.9800
3036,11,66.0000,561.0000,34.7600,3.3000,25.5200,27.7200,8.3600
3036,12,66.0000,561.0000,34.7600,3.3000,25.5200,27.7200,8.3600
3037,1,1404.0000,11934.0000,739.9300,71.5100,545.3600,591.2000,173.3500
3037,2,1392.0000,11832.0000,733.6100,70.9000,540.7000,586.1500,171.8600
3037,3,1520.0000,12920.0000,801.0700,77.4200,590.4200,640.0500,187.6600
3037,4,1404.0000,11934.0000,739.9300,71.5100,545.3600,591.2000,173.3500
3037,5,1456.0000,12376.0000,767.3400,74.1600,565.5600,613.1000,179.7600
3037,6,1456.0000,12376.0000,767.3400,74.1600,565.5600,613.1000,179.7600
3037,7,1404.0000,11934.0000,739.9300,71.5100,545.3600,591.2000,173.3500
3037,8,1520.0000,12920.0000,801.0700,77.4200,590.4200,640.0500,187.6600
3037,9,1456.0000,12376.0000,767.3400,74.1600,565.5600,613.1000,179.7600
3037,10,1555.2000,13219.2000,819.5200,79.2800,546.0500,654.8300,191.8300
3037,11,1614.4000,13722.4000,850.7200,82.3000,566.8400,679.7600,199.1200
3037,12,1626.4000,13824.4000,857.0400,82.9100,571.0500,684.8100,200.6100
3038,1,903.0000,8011.5000,496.6500,48.0900,366.0300,396.9000,116.3400
3038,2,903.0000,8011.5000,496.6500,48.0900,366.0300,396.9000,116.3400
3038,3,989.0000,8774.5000,543.9500,52.6700,384.1900,434.7000,127.3200
3038,4,903.0000,8011.5000,496.6500,48.0900,330.9600,396.9000,116.1300
3038,5,946.0000,8393.0000,520.3000,50.3800,346.7200,415.8000,121.6600
3038,6,946.0000,8393.0000,520.3000,50.3800,346.7200,415.8000,121.6600
3038,7,903.0000,8011.5000,496.6500,48.0900,330.9600,396.9000,116.1300
3038,8,989.0000,8774.5000,543.9500,52.6700,362.4800,434.7000,127.1900
3038,9,946.0000,8393.0000,520.3000,50.3800,346.7200,415.8000,121.6600
3038,10,1092.0000,9618.0000,596.4000,57.7500,397.3200,476.4900,139.2300
3038,11,1144.0000,10076.0000,624.8000,60.5000,416.2400,499.1800,145.8600
3038,12,1144.0000,10076.0000,624.8000,60.5000,416.2400,499.1800,145.8600
3039,1,104.0000,884.0000,54.8600,5.3300,40.4300,43.8100,12.7400
3039,2,104.0000,884.0000,54.8600,5.3300,40.4300,43.8100,12.7400
3039,3,104.0000,884.0000,54.8600,5.3300,40.4300,43.8100,12.7400
3039,4,104.0000,884.0000,54.8600,5.3300,40.4300,43.8100,12.7400
3039,5,104.0000,884.0000,54.8600,5.3300,40.4300,43.8100,12.7400
3039,6,104.0000,884.0000,54.8600,5.3300,40.4300,43.8100,12.7400
3039,7,104.0000,884.0000,54.8600,5.3300,40.4300,43.8100,12.7400
3039,8,104.0000,884.0000,54.8600,5.3300,40.4300,43.8100,12.7400
3039,9,104.0000,884.0000,54.8600,5.3300,40.4300,43.8100,12.7400
3039,10,94.4500,802.8700,49.8100,4.8400,33.1300,39.8000,11.5600
3039,11,80.4000,683.4400,42.4000,4.1200,28.2000,33.8800,9.8400
3039,12,94.4500,802.8700,49.8100,4.8400,33.1300,39.8000,11.5600
3040,1,999.0000,8491.5000,526.4200,51.0000,387.9800,420.6300,123.2500
3040,2,1005.0000,8542.5000,529.5800,51.3000,390.3100,423.1500,124.0100
3040,3,1103.0000,9375.5000,581.2200,56.3000,428.3700,464.4100,136.1100
3040,4,999.0000,8491.5000,526.4200,51.0000,387.9800,420.6300,123.2500
3040,5,1054.0000,8959.0000,555.4000,53.8000,409.3400,443.7800,130.0600
3040,6,1054.0000,8959.0000,555.4000,53.8000,409.3400,443.7800,130.0600
3040,7,999.0000,8491.5000,526.4200,51.0000,387.9800,420.6300,123.2500
3040,8,1103.0000,9375.5000,581.2200,56.3000,428.3700,464.4100,136.1100
3040,9,1042.0000,8857.0000,549.0800,53.1900,404.6800,438.7300,128.5700
3040,10,1011.0000,8593.5000,532.7400,51.6100,392.6400,425.6800,124.7400
3040,11,1054.0000,8959.0000,555.4000,53.8000,409.3400,443.7800,130.0600
3040,12,1048.0000,8908.0000,552.2400,53.5000,407.0100,441.2600,129.3000
3042,1,189.0000,1816.5000,112.5600,10.9200,82.9500,89.8800,26.4600
3042,2,189.0000,1816.5000,112.5600,10.9200,82.9500,89.8800,26.4600
3042,3,207.0000,1989.5000,123.2800,11.9600,90.8500,98.4400,28.9800
3042,4,180.0000,1730.0000,107.2000,10.4000,79.0000,85.6000,25.2000
3042,5,207.0000,1989.5000,123.2800,11.9600,90.8500,98.4400,28.9800
3042,6,198.0000,1903.0000,117.9200,11.4400,86.9000,94.1600,27.7200
3042,7,189.0000,1816.5000,112.5600,10.9200,82.9500,89.8800,26.4600
3042,8,207.0000,1989.5000,123.2800,11.9600,90.8500,98.4400,28.9800
3042,9,189.0000,1816.5000,112.5600,10.9200,82.9500,89.8800,26.4600
3042,10,198.0000,1903.0000,117.9200,11.4400,86.9000,94.1600,27.7200
3042,11,198.0000,1903.0000,117.9200,11.4400,86.9000,94.1600,27.7200
3042,12,189.0000,1816.5000,112.5600,10.9200,82.9500,89.8800,26.4600
3043,1,168.0000,1428.0000,88.6200,8.6100,65.3100,70.7700,20.5800
3043,2,168.0000,1428.0000,88.6200,8.6100,65.3100,70.7700,20.5800
3043,3,184.0000,1564.0000,97.0600,9.4300,71.5300,77.5100,22.5400
3043,4,160.0000,1360.0000,84.4000,8.2000,62.2000,67.4000,19.6000
3043,5,184.0000,1564.0000,97.0600,9.4300,71.5300,77.5100,22.5400
3043,6,176.0000,1496.0000,92.8400,9.0200,68.4200,74.1400,21.5600
3043,7,168.0000,1428.0000,88.6200,8.6100,65.3100,70.7700,20.5800
3043,8,184.0000,1564.0000,97.0600,9.4300,71.5300,77.5100,22.5400
3043,9,168.0000,1428.0000,88.6200,8.6100,65.3100,70.7700,20.5800
3043,10,176.0000,1496.0000,92.8400,9.0200,68.4200,74.1400,21.5600
3043,11,176.0000,1496.0000,92.8400,9.0200,68.4200,74.1400,21.5600
3043,12,168.0000,1428.0000,88.6200,8.6100,65.3100,70.7700,20.5800
3045,1,4608.0000,40176.0000,2490.8900,241.1000,1659.2000,1990.4700,582.5300
3045,2,4560.0000,39768.0000,2465.5900,238.6600,1642.3600,1970.2500,576.6100
3045,3,4976.0000,43400.0000,2690.7700,260.4600,1792.3600,2150.1900,629.2700
3045,4,4584.0000,39972.0000,2478.2400,239.8800,1650.7800,1980.3600,579.5700
3045,5,4584.0000,39972.0000,2478.2400,239.8800,1650.7800,1980.3600,579.5700
3045,6,4768.0000,41584.0000,2578.1800,249.5600,1717.3600,2060.2200,602.9400
3045,7,4400.0000,38360.0000,2378.3000,230.2000,1584.2000,1900.5000,556.2000
3045,8,4976.0000,43400.0000,2690.7700,260.4600,1792.3600,2150.1900,629.2700
3045,9,4560.0000,39768.0000,2465.5900,238.6600,1642.3600,1970.2500,576.6100
3045,10,4608.0000,40176.0000,2490.8900,241.1000,1659.2000,1990.4700,582.5300
3045,11,4560.0000,39768.0000,2465.5900,238.6600,1642.3600,1970.2500,576.6100
3045,12,4584.0000,39972.0000,2478.2400,239.8800,1650.7800,1980.3600,579.5700
3046,1,387.5000,3293.7500,204.1700,19.6900,135.9400,163.1700,47.8600
3046,2,383.5000,3259.7500,202.0600,19.4900,134.5400,161.4900,47.3600
3046,3,418.5000,3557.2500,220.5000,21.2700,146.8200,176.2300,51.6800
3046,4,387.5000,3293.7500,204.1700,19.6900,135.9400,163.1700,47.8600
3046,5,383.5000,3259.7500,202.0600,19.4900,134.5400,161.4900,47.3600
3046,6,401.0000,3408.5000,211.2800,20.3800,140.6800,168.8600,49.5200
3046,7,370.0000,3145.0000,194.9500,18.8000,129.8000,155.8000,45.7000
3046,8,418.5000,3557.2500,220.5000,21.2700,146.8200,176.2300,51.6800
3046,9,383.5000,3259.7500,202.0600,19.4900,134.5400,161.4900,47.3600
3046,10,387.5000,3293.7500,204.1700,19.6900,135.9400,163.1700,47.8600
3046,11,383.5000,3259.7500,202.0600,19.4900,134.5400,161.4900,47.3600
3046,12,387.5000,3293.7500,204.1700,19.6900,135.9400,163.1700,47.8600
4035,1,104.0000,884.0000,54.8600,5.2000,40.3000,43.6800,13.0000
4035,2,100.0000,850.0000,52.7500,5.0000,38.7500,42.0000,12.5000
4035,3,108.0000,918.0000,56.9700,5.4000,41.8500,45.3600,13.5000
4035,4,104.0000,884.0000,54.8600,5.2000,40.3000,43.6800,13.0000
4035,5,104.0000,884.0000,54.8600,5.2000,40.3000,43.6800,13.0000
4035,6,104.0000,884.0000,54.8600,5.2000,40.3000,43.6800,13.0000
4035,7,104.0000,884.0000,54.8600,5.2000,40.3000,43.6800,13.0000
4035,8,108.0000,918.0000,56.9700,5.4000,41.8500,45.3600,13.5000
4035,9,104.0000,884.0000,54.8600,5.2000,40.3000,43.6800,13.0000
4035,10,104.0000,884.0000,54.8600,5.2000,40.3000,43.6800,13.0000
4035,11,104.0000,884.0000,54.8600,5.2000,40.3000,43.6800,13.0000
4035,12,108.0000,918.0000,56.9700,5.4000,41.8500,45.3600,13.5000
4037,1,168.0000,1428.0000,88.6200,8.6100,65.3100,70.7700,20.5800
4037,2,168.0000,1428.0000,88.6200,8.6100,65.3100,70.7700,20.5800
4037,3,184.0000,1564.0000,97.0600,9.4300,71.5300,77.5100,22.5400
4037,4,168.0000,1428.0000,88.6200,8.6100,65.3100,70.7700,20.5800
4037,5,176.0000,1496.0000,92.8400,9.0200,68.4200,74.1400,21.5600
4037,6,176.0000,1496.0000,92.8400,9.0200,68.4200,74.1400,21.5600
4037,7,168.0000,1428.0000,88.6200,8.6100,65.3100,70.7700,20.5800
4037,8,184.0000,1564.0000,97.0600,9.4300,71.5300,77.5100,22.5400
4037,9,176.0000,1496.0000,92.8400,9.0200,68.4200,74.1400,21.5600
4037,10,168.0000,1428.0000,88.6200,8.6100,65.3100,70.7700,20.5800
4037,11,176.0000,1496.0000,92.8400,9.0200,68.4200,74.1400,21.5600
4037,12,176.0000,1496.0000,92.8400,9.0200,68.4200,74.1400,21.5600
4040,1,324.0000,2754.0000,170.7100,16.5800,125.7700,136.4600,39.9300
4040,2,324.0000,2754.0000,170.7100,16.5800,125.7700,136.4600,39.9300
4040,3,353.0000,3000.5000,185.9900,18.0600,137.0300,148.6700,43.5100
4040,4,324.0000,2754.0000,170.7100,16.5800,125.7700,136.4600,39.9300
4040,5,337.0000,2864.5000,177.5600,17.2400,130.8200,141.9300,41.5400
4040,6,340.0000,2890.0000,179.1400,17.4000,131.9800,143.2000,41.9000
4040,7,324.0000,2754.0000,170.7100,16.5800,125.7700,136.4600,39.9300
4040,8,353.0000,3000.5000,185.9900,18.0600,137.0300,148.6700,43.5100
4040,9,340.0000,2890.0000,179.1400,17.4000,131.9800,143.2000,41.9000
4040,10,324.0000,2754.0000,170.7100,16.5800,117.2200,136.4600,39.8100
4040,11,337.0000,2864.5000,177.5600,17.2400,118.3400,141.9300,41.3700
4040,12,340.0000,2890.0000,179.1400,17.4000,119.4000,143.2000,41.7200
4044,1,18.0000,153.0000,9.4500,0.9000,7.0200,7.5600,2.2500
4044,2,16.0000,136.0000,8.4000,0.8000,6.2400,6.7200,2.0000
4044,3,18.0000,153.0000,9.4500,0.9000,7.0200,7.5600,2.2500
4044,4,18.0000,153.0000,9.4500,0.9000,7.0200,7.5600,2.2500
4044,5,18.0000,153.0000,9.4500,0.9000,7.0200,7.5600,2.2500
4044,6,16.0000,136.0000,8.4000,0.8000,6.2400,6.7200,2.0000
4044,7,18.0000,153.0000,9.4500,0.9000,7.0200,7.5600,2.2500
4044,8,18.0000,153.0000,9.4500,0.9000,7.0200,7.5600,2.2500
4044,9,18.0000,153.0000,9.4500,0.9000,7.0200,7.5600,2.2500
4044,10,16.0000,136.0000,8.4600,0.8000,5.7600,6.7200,2.0000
4044,11,16.0000,136.0000,8.4800,0.8000,5.6000,6.7200,2.0000
4044,12,18.0000,153.0000,9.5400,0.9000,6.3000,7.5600,2.2500
5000,1,168.0000,1428.0000,88.6200,8.6100,65.3100,70.7700,20.5800
5000,2,168.0000,1428.0000,88.6200,8.6100,65.3100,70.7700,20.5800
5000,3,184.0000,1564.0000,97.0600,9.4300,71.5300,77.5100,22.5400
5000,4,168.0000,1428.0000,88.6200,8.6100,65.3100,70.7700,20.5800
5000,5,176.0000,1496.0000,92.8400,9.0200,68.4200,74.1400,21.5600
5000,6,176.0000,1496.0000,92.8400,9.0200,68.4200,74.1400,21.5600
5000,7,168.0000,1428.0000,88.6200,8.6100,65.3100,70.7700,20.5800
5000,8,184.0000,1564.0000,97.0600,9.4300,71.5300,77.5100,22.5400
5000,9,176.0000,1496.0000,92.8400,9.0200,68.4200,74.1400,21.5600
5000,10,168.0000,1428.0000,88.6200,8.6100,65.3100,70.7700,20.5800
5000,11,176.0000,1496.0000,92.8400,9.0200,68.4200,74.1400,21.5600
5000,12,176.0000,1496.0000,92.8400,9.0200,68.4200,74.1400,21.5600
5011,1,2808.0000,24364.0000,1510.5700,146.0800,1113.5200,1207.0500,353.3800
5011,2,2616.0000,22700.0000,1407.4100,136.1000,1037.4800,1124.6100,329.2400
5011,3,2792.0000,24228.0000,1502.1500,145.2600,1058.9800,1200.3100,351.4000
5011,4,2202.0000,20718.0000,1284.3900,124.3500,855.6900,1026.3600,300.4500
5011,5,2276.0000,21426.0000,1328.2800,128.6000,884.9300,1061.4300,310.7200
5011,6,2204.0000,20776.0000,1287.9800,124.7000,858.0800,1029.2200,301.3000
5011,7,2274.0000,21368.0000,1324.6900,128.2500,882.5400,1058.5700,309.8700
5011,8,2278.0000,21484.0000,1331.8700,128.9500,887.3200,1064.2900,311.5700
5011,9,2204.0000,20776.0000,1287.9800,124.7000,858.0800,1029.2200,301.3000
5011,10,2274.0000,21368.0000,1324.6900,128.2500,882.5400,1058.5700,309.8700
5011,11,2204.0000,20776.0000,1287.9800,124.7000,858.0800,1029.2200,301.3000
5011,12,2276.0000,21426.0000,1328.2800,128.6000,884.9300,1061.4300,310.7200
5017,1,1303.7500,12101.7500,750.2400,72.6200,553.0700,599.5400,175.5400
5017,2,1206.7500,11180.7500,693.1400,67.0900,510.9800,553.9200,162.1800
5017,3,1285.5000,11921.5000,739.0600,71.5400,544.8300,590.6200,172.9200
5017,4,1215.5000,11275.5000,699.0200,67.6600,515.3100,558.6100,163.5500
6008,1,252.0000,2142.0000,132.7200,12.8100,88.4100,106.0500,31.2900
6008,2,252.0000,2142.0000,132.7200,12.8100,88.4100,106.0500,31.2900
6008,3,276.0000,2346.0000,145.3600,14.0300,96.8300,116.1500,34.2700
6008,4,252.0000,2142.0000,132.7200,12.8100,88.4100,106.0500,31.2900
6008,5,264.0000,2244.0000,139.0400,13.4200,92.6200,111.1000,32.7800
6008,6,264.0000,2244.0000,139.0400,13.4200,92.6200,111.1000,32.7800
6008,7,252.0000,2142.0000,132.7200,12.8100,88.4100,106.0500,31.2900
6008,8,276.0000,2346.0000,145.3600,14.0300,96.8300,116.1500,34.2700
6008,9,264.0000,2244.0000,139.0400,13.4200,92.6200,111.1000,32.7800
6008,10,252.0000,2142.0000,132.7200,12.8100,88.4100,106.0500,31.2900
6008,11,264.0000,2244.0000,139.0400,13.4200,92.6200,111.1000,32.7800
6008,12,264.0000,2244.0000,139.0400,13.4200,92.6200,111.1000,32.7800
7001,10,336.0000,2856.0000,177.0300,17.2200,118.0200,141.5400,41.1600
7001,11,352.0000,2992.0000,185.4600,18.0400,123.6400,148.2800,43.1200
7001,12,352.0000,2992.0000,185.4600,18.0400,123.6400,148.2800,43.1200
7006,1,36.0000,306.0000,18.9900,1.8000,12.6000,15.1200,4.5000
7006,2,32.0000,272.0000,16.8800,1.6000,11.2000,13.4400,4.0000
7006,3,36.0000,306.0000,18.9900,1.8000,12.6000,15.1200,4.5000
7006,4,32.0000,272.0000,16.8800,1.6000,11.2000,13.4400,4.0000
7006,5,36.0000,306.0000,18.9900,1.8000,12.6000,15.1200,4.5000
7006,6,36.0000,306.0000,18.9900,1.8000,12.6000,15.1200,4.5000
7006,7,36.0000,306.0000,18.9900,1.8000,12.6000,15.1200,4.5000
7006,8,36.0000,306.0000,18.9900,1.8000,12.6000,15.1200,4.5000
7006,9,32.0000,272.0000,16.8800,1.6000,11.2000,13.4400,4.0000
7006,10,36.0000,306.0000,18.9900,1.8000,12.6000,15.1200,4.5000
7006,11,36.0000,306.0000,18.9900,1.8000,12.6000,15.1200,4.5000
7006,12,32.0000,272.0000,16.8800,1.6000,11.2000,13.4400,4.0000
7009,1,84.0000,714.0000,44.3100,4.2000,29.4000,35.2800,10.5000
7009,2,84.0000,714.0000,44.3100,4.2000,29.4000,35.2800,10.5000
7009,3,92.0000,782.0000,48.5300,4.6000,32.2000,38.6400,11.5000
7009,4,84.0000,714.0000,44.3100,4.2000,29.4000,35.2800,10.5000
7009,5,88.0000,748.0000,46.4200,4.4000,30.8000,36.9600,11.0000
7009,6,88.0000,748.0000,46.4200,4.4000,30.8000,36.9600,11.0000
7009,7,84.0000,714.0000,44.3100,4.2000,29.4000,35.2800,10.5000
7009,8,92.0000,782.0000,48.5300,4.6000,32.2000,38.6400,11.5000
7009,9,88.0000,748.0000,46.4200,4.4000,30.8000,36.9600,11.0000
7009,10,168.0000,1428.0000,88.4100,8.6100,59.0100,70.7700,20.5800
7009,11,176.0000,1496.0000,92.6200,9.0200,61.8200,74.1400,21.5600
7009,12,176.0000,1496.0000,92.6200,9.0200,61.8200,74.1400,21.5600
9001,1,241.5000,2052.7500,127.2600,12.3900,84.8400,101.6400,29.6100
9001,2,241.5000,2052.7500,127.2600,12.3900,84.8400,101.6400,29.6100
9001,3,264.5000,2248.2500,139.3800,13.5700,92.9200,111.3200,32.4300
9001,4,241.5000,2052.7500,127.2600,12.3900,84.8400,101.6400,29.6100
9001,5,253.0000,2150.5000,133.3200,12.9800,88.8800,106.4800,31.0200
9001,6,253.0000,2150.5000,133.3200,12.9800,88.8800,106.4800,31.0200
9001,7,241.5000,2052.7500,127.2600,12.3900,84.8400,101.6400,29.6100
9001,8,264.5000,2248.2500,139.3800,13.5700,92.9200,111.3200,32.4300
9001,9,253.0000,2150.5000,133.3200,12.9800,88.8800,106.4800,31.0200
9001,10,241.5000,2052.7500,127.2600,12.3900,84.8400,101.6400,29.6100
9001,11,253.0000,2150.5000,133.3200,12.9800,88.8800,106.4800,31.0200
9001,12,253.0000,2150.5000,133.3200,12.9800,88.8800,106.4800,31.0200
9003,1,117.5000,998.7500,61.8300,5.9000,45.5900,49.4000,14.7300
9003,2,115.0000,977.5000,60.5100,5.7700,44.6200,48.3400,14.4300
9003,3,125.0000,1062.5000,65.7700,6.2700,48.5000,52.5400,15.6900
9003,4,117.5000,998.7500,61.8300,5.9000,45.5900,49.4000,14.7300
9003,5,120.0000,1020.0000,63.1400,6.0200,46.5600,50.4400,15.0600
9003,6,120.0000,1020.0000,63.1400,6.0200,46.5600,50.4400,15.0600
9003,7,117.5000,998.7500,61.8300,5.9000,45.5900,49.4000,14.7300
9003,8,125.0000,1062.5000,65.7700,6.2700,48.5000,52.5400,15.6900
9003,9,122.5000,1041.2500,64.4600,6.1500,47.5300,51.5000,15.3600
9003,10,117.1000,977.5000,60.6800,5.9400,40.4400,48.5100,13.9200
9003,11,122.2000,1020.0000,63.3200,6.2000,42.2000,50.6200,14.5200
9003,12,124.7000,1041.2500,64.6300,6.3200,43.0700,51.6700,14.8500
